{
  "properties": {
    "connectionReferences": {
      "shared_office365users": {
        "runtimeSource": "embedded",
        "connection": {},
        "api": {
          "name": "shared_office365users"
        }
      },
      "shared_approvals": {
        "runtimeSource": "embedded",
        "connection": {},
        "api": {
          "name": "shared_approvals"
        }
      },
      "shared_teams": {
        "runtimeSource": "embedded",
        "connection": {},
        "api": {
          "name": "shared_teams"
        }
      },
      "shared_office365": {
        "runtimeSource": "embedded",
        "connection": {},
        "api": {
          "name": "shared_office365"
        }
      },
      "shared_sharepointonline": {
        "runtimeSource": "embedded",
        "connection": {},
        "api": {
          "name": "shared_sharepointonline"
        }
      }
    },
    "definition": {
      "$schema": "https://schema.management.azure.com/providers/Microsoft.Logic/schemas/2016-06-01/workflowdefinition.json#",
      "contentVersion": "1.0.0.0",
      "parameters": {
        "$connections": {
          "defaultValue": {},
          "type": "Object"
        },
        "$authentication": {
          "defaultValue": {},
          "type": "SecureObject"
        },
        "sharepoint.site": {
          "defaultValue": "",
          "type": "String"
        },
        "sharepoint.list": {
          "defaultValue": "",
          "type": "String"
        },
        "sharepoint.approvers": {
          "defaultValue": "",
          "type": "String"
        },
        "Invoice Library (dev_InvoiceLibrary)": {
          "defaultValue": "5addd345-6e8c-4339-9838-1b7acfcc0a04",
          "type": "String",
          "metadata": {
            "schemaName": "dev_InvoiceLibrary",
            "description": "Document library containing invoices"
          }
        },
        "SiteCollection (dev_SiteCollection)": {
          "defaultValue": "https://pucelikenterprise.sharepoint.com/teams/Accounting",
          "type": "String",
          "metadata": {
            "schemaName": "dev_SiteCollection",
            "description": "Site Collection"
          }
        }
      },
      "triggers": {
        "When_a_file_is_classified_by_a_content_understanding_model": {
          "recurrence": {
            "interval": 1,
            "frequency": "Minute"
          },
          "splitOn": "@triggerOutputs()?['body/value']",
          "metadata": {
            "operationMetadataId": "2488fb02-8c11-467f-b3e8-19fff61c359f"
          },
          "type": "OpenApiConnection",
          "inputs": {
            "host": {
              "connectionName": "shared_sharepointonline",
              "operationId": "GetOnUpdatedFileClassifiedTimes",
              "apiId": "/providers/Microsoft.PowerApps/apis/shared_sharepointonline"
            },
            "parameters": {
              "dataset": "@parameters('SiteCollection (dev_SiteCollection)')",
              "table": "@parameters('Invoice Library (dev_InvoiceLibrary)')",
              "folderPath": "/Invoices"
            },
            "authentication": "@parameters('$authentication')"
          }
        }
      },
      "actions": {
        "Get_my_profile_(V2)": {
          "runAfter": {},
          "metadata": {
            "operationMetadataId": "f3df240d-5301-4951-8997-7ad11cccc79d"
          },
          "type": "OpenApiConnection",
          "inputs": {
            "host": {
              "connectionName": "shared_office365users",
              "operationId": "MyProfile_V2",
              "apiId": "/providers/Microsoft.PowerApps/apis/shared_office365users"
            },
            "parameters": {
              "$select": "Mail"
            },
            "authentication": "@parameters('$authentication')"
          }
        },
        "Create_an_approval_(V2)": {
          "runAfter": {
            "Get_my_profile_(V2)": [
              "Succeeded"
            ]
          },
          "metadata": {
            "operationMetadataId": "9159130b-59dc-4b03-a42b-66dc72aeb2e0"
          },
          "type": "OpenApiConnection",
          "inputs": {
            "host": {
              "connectionName": "shared_approvals",
              "operationId": "CreateAnApproval",
              "apiId": "/providers/Microsoft.PowerApps/apis/shared_approvals"
            },
            "parameters": {
              "approvalType": "Basic",
              "ApprovalCreationInput/title": "Invoice @{triggerOutputs()?['body/InvoiceId']} for @{triggerOutputs()?['body/CustomerName']} needs review",
              "ApprovalCreationInput/assignedTo": "@{outputs('Get_my_profile_(V2)')?['body/mail']};",
              "ApprovalCreationInput/details": "##Invoice Details\n- Customer Name:  @{triggerOutputs()?['body/CustomerName']} \n- Invoice Amount:  @{triggerOutputs()?['body/InvoiceTotal']} \n- Due Date:  @{triggerOutputs()?['body/InvoiceDate']} \n- Vendor Name:  @{triggerOutputs()?['body/VendorName']} ",
              "ApprovalCreationInput/itemLink": "@triggerOutputs()?['body/{Link}']",
              "ApprovalCreationInput/itemLinkDescription": "View Invoice"
            },
            "authentication": "@parameters('$authentication')"
          }
        },
        "Apply_to_each": {
          "foreach": "@outputs('Create_an_approval_(V2)')?['body/approvers']",
          "actions": {
            "Post_your_own_adaptive_card_as_the_Flow_bot_to_a_user": {
              "runAfter": {},
              "metadata": {
                "operationMetadataId": "c8640220-8a06-4fd4-bc78-875d6ef9d78f"
              },
              "type": "OpenApiConnection",
              "inputs": {
                "host": {
                  "connectionName": "shared_teams",
                  "operationId": "PostUserAdaptiveCard",
                  "apiId": "/providers/Microsoft.PowerApps/apis/shared_teams"
                },
                "parameters": {
                  "PostAdaptiveCardRequest/recipient/to": "@{items('Apply_to_each')?['email']};",
                  "PostAdaptiveCardRequest/messageBody": "@outputs('Create_an_approval_(V2)')?['body/adaptiveCard']"
                },
                "authentication": "@parameters('$authentication')"
              }
            }
          },
          "runAfter": {
            "Create_an_approval_(V2)": [
              "Succeeded"
            ]
          },
          "metadata": {
            "operationMetadataId": "9fdb9b9e-9266-4c38-9c61-4a8628bc6b49"
          },
          "type": "Foreach"
        },
        "Wait_for_an_approval_(V2)": {
          "runAfter": {
            "Apply_to_each": [
              "Succeeded"
            ]
          },
          "metadata": {
            "operationMetadataId": "554adde1-c820-4542-b68b-29504abc9288"
          },
          "type": "OpenApiConnectionWebhook",
          "inputs": {
            "host": {
              "connectionName": "shared_approvals",
              "operationId": "WaitForAnApproval",
              "apiId": "/providers/Microsoft.PowerApps/apis/shared_approvals"
            },
            "parameters": {
              "approvalName": "@outputs('Create_an_approval_(V2)')?['body/name']"
            },
            "authentication": "@parameters('$authentication')"
          }
        },
        "Condition": {
          "actions": {
            "Apply_to_each_response_to_approve": {
              "foreach": "@outputs('Wait_for_an_approval_(V2)')?['body/responses']",
              "actions": {
                "Inform_requestor_of_approval": {
                  "runAfter": {},
                  "metadata": {
                    "operationMetadataId": "6dcdb893-8096-4cde-9546-5e43418db0d7"
                  },
                  "type": "OpenApiConnection",
                  "inputs": {
                    "host": {
                      "connectionName": "shared_teams",
                      "operationId": "PostUserNotification",
                      "apiId": "/providers/Microsoft.PowerApps/apis/shared_teams"
                    },
                    "parameters": {
                      "PostNotificationRequest/recipient/to": "@{outputs('Get_my_profile_(V2)')?['body/mail']};",
                      "PostNotificationRequest/messageBody": "@{items('Apply_to_each_response_to_approve')?['responder/displayName']} has approved your request for []()\n\nComments: @{items('Apply_to_each_response_to_approve')?['comments']}",
                      "PostNotificationRequest/messageTitle": "Approved: "
                    },
                    "authentication": "@parameters('$authentication')"
                  }
                }
              },
              "runAfter": {},
              "metadata": {
                "operationMetadataId": "79c48c3d-6859-4468-b5bd-29a893f2d8d8"
              },
              "type": "Foreach"
            }
          },
          "runAfter": {
            "Wait_for_an_approval_(V2)": [
              "Succeeded"
            ]
          },
          "else": {
            "actions": {
              "Apply_to_each_response_to_reject": {
                "foreach": "@outputs('Wait_for_an_approval_(V2)')?['body/responses']",
                "actions": {
                  "Inform_requestor_of_rejection": {
                    "runAfter": {},
                    "metadata": {
                      "operationMetadataId": "524cc006-f5d5-453f-b58b-53b2227c8c53"
                    },
                    "type": "OpenApiConnection",
                    "inputs": {
                      "host": {
                        "connectionName": "shared_teams",
                        "operationId": "PostUserNotification",
                        "apiId": "/providers/Microsoft.PowerApps/apis/shared_teams"
                      },
                      "parameters": {
                        "PostNotificationRequest/recipient/to": "@{outputs('Get_my_profile_(V2)')?['body/mail']};",
                        "PostNotificationRequest/messageBody": "@{items('Apply_to_each_response_to_reject')?['responder/displayName']} did not approve your request for []()\n\nComments: @{items('Apply_to_each_response_to_reject')?['comments']}",
                        "PostNotificationRequest/messageTitle": "Not approved: "
                      },
                      "authentication": "@parameters('$authentication')"
                    }
                  }
                },
                "runAfter": {},
                "metadata": {
                  "operationMetadataId": "e18d25d6-950b-44c4-968f-267fe2d89bcc"
                },
                "type": "Foreach"
              }
            }
          },
          "expression": {
            "equals": [
              "@outputs('Wait_for_an_approval_(V2)')?['body/outcome']",
              "Approve"
            ]
          },
          "metadata": {
            "operationMetadataId": "454e52bd-9eb3-4f4e-830f-98b9efb378ac"
          },
          "type": "If"
        },
        "Send_an_email": {
          "runAfter": {
            "Create_an_approval_(V2)": [
              "Failed"
            ]
          },
          "metadata": {
            "operationMetadataId": "111c3234-cc20-4e97-b083-e59a3211923b"
          },
          "type": "OpenApiConnection",
          "inputs": {
            "host": {
              "connectionName": "shared_office365",
              "operationId": "SendEmailV2",
              "apiId": "/providers/Microsoft.PowerApps/apis/shared_office365"
            },
            "parameters": {
              "emailMessage/To": "@{outputs('Get_my_profile_(V2)')?['body/mail']};",
              "emailMessage/Subject": "Invoice rejected",
              "emailMessage/Body": "Test"
            },
            "authentication": "@parameters('$authentication')"
          }
        }
      },
      "outputs": {}
    }
  },
  "schemaVersion": "1.0.0.0"
}