{
  "properties": {
    "connectionReferences": {
      "shared_commondataserviceforapps": {
        "runtimeSource": "embedded",
        "connection": {},
        "api": {
          "name": "shared_commondataserviceforapps"
        }
      },
      "shared_sharepointonline": {
        "runtimeSource": "embedded",
        "connection": {},
        "api": {
          "name": "shared_sharepointonline"
        }
      }
    },
    "definition": {
      "$schema": "https://schema.management.azure.com/providers/Microsoft.Logic/schemas/2016-06-01/workflowdefinition.json#",
      "contentVersion": "1.0.0.0",
      "parameters": {
        "$connections": {
          "defaultValue": {},
          "type": "Object"
        },
        "$authentication": {
          "defaultValue": {},
          "type": "SecureObject"
        },
        "aibuilder.modelId": {
          "defaultValue": "",
          "type": "String"
        },
        "aibuilder.data1": {
          "defaultValue": "",
          "type": "String"
        },
        "aibuilder.data2": {
          "defaultValue": "",
          "type": "String"
        },
        "aibuilder.data3": {
          "defaultValue": "",
          "type": "String"
        },
        "Invoice Library (dev_InvoiceLibrary)": {
          "defaultValue": "5addd345-6e8c-4339-9838-1b7acfcc0a04",
          "type": "String",
          "metadata": {
            "schemaName": "dev_InvoiceLibrary",
            "description": "Document library containing invoices"
          }
        },
        "Invoice Lines (dev_InvoiceLines)": {
          "defaultValue": "05e9f0f0-1b56-40ac-ab4e-7f10e7ed28f9",
          "type": "String",
          "metadata": {
            "schemaName": "dev_InvoiceLines",
            "description": "Holds the Invoice Line items."
          }
        },
        "SiteCollection (dev_SiteCollection)": {
          "defaultValue": "https://pucelikenterprise.sharepoint.com/teams/Accounting",
          "type": "String",
          "metadata": {
            "schemaName": "dev_SiteCollection",
            "description": "Site Collection"
          }
        }
      },
      "triggers": {
        "When_a_file_is_created_in_a_folder": {
          "recurrence": {
            "interval": 1,
            "frequency": "Minute"
          },
          "metadata": {
            "%252fInvoices": "/Invoices",
            "operationMetadataId": "a4724d08-a208-430a-973d-2219ca0a5875"
          },
          "type": "OpenApiConnection",
          "inputs": {
            "host": {
              "connectionName": "shared_sharepointonline",
              "operationId": "OnNewFile",
              "apiId": "/providers/Microsoft.PowerApps/apis/shared_sharepointonline"
            },
            "parameters": {
              "dataset": "@parameters('SiteCollection (dev_SiteCollection)')",
              "folderId": "/@{parameters('Invoice Library (dev_InvoiceLibrary)')}",
              "inferContentType": true
            },
            "authentication": "@parameters('$authentication')"
          }
        }
      },
      "actions": {
        "Extract_information_from_forms": {
          "runAfter": {
            "Set_variable": [
              "Succeeded"
            ]
          },
          "metadata": {
            "flowSystemMetadata": {
              "portalOperationId": "aibuilderpredict_formsprocessing",
              "portalOperationGroup": "aibuilder",
              "portalOperationApiDisplayNameOverride": "AI Builder",
              "portalOperationIconOverride": "https://psuxemea.azureedge.net/Content/Images/DesignerOperations/aiBuilder.png",
              "portalOperationBrandColorOverride": "#742775",
              "portalOperationApiTierOverride": "Standard"
            },
            "operationMetadataId": "86015566-7a0a-47a9-9de2-6b8a1a09beae"
          },
          "type": "OpenApiConnection",
          "inputs": {
            "host": {
              "connectionName": "shared_commondataserviceforapps",
              "operationId": "aibuilderpredict_formsprocessing",
              "apiId": "/providers/Microsoft.PowerApps/apis/shared_commondataserviceforapps"
            },
            "parameters": {
              "recordId": "6ebe39be-38eb-4baf-bfe4-eccd475c9e4e",
              "item/requestv2/mimeType": "@triggerOutputs()?['headers/Content-Type']",
              "item/requestv2/base64Encoded": "@triggerOutputs()?['body']"
            },
            "authentication": "@parameters('$authentication')"
          },
          "description": "This action extracts the data from the document you provide when running the flow by using your AI Builder Form Processing model."
        },
        "Initialize_variable": {
          "runAfter": {},
          "metadata": {
            "operationMetadataId": "a6ebf37a-5a6e-43b6-ac2f-2c978038ee27"
          },
          "type": "InitializeVariable",
          "inputs": {
            "variables": [
              {
                "name": "FileID",
                "type": "integer"
              }
            ]
          }
        },
        "Get_file_metadata_using_path": {
          "runAfter": {
            "Initialize_variable": [
              "Succeeded"
            ]
          },
          "metadata": {
            "operationMetadataId": "7c09bee6-e3ee-4b35-aa72-326bf63f13d8"
          },
          "type": "OpenApiConnection",
          "inputs": {
            "host": {
              "connectionName": "shared_sharepointonline",
              "operationId": "GetFileMetadataByPath",
              "apiId": "/providers/Microsoft.PowerApps/apis/shared_sharepointonline"
            },
            "parameters": {
              "dataset": "@parameters('SiteCollection (dev_SiteCollection)')",
              "path": "@triggerOutputs()?['headers/x-ms-file-path-encoded']"
            },
            "authentication": "@parameters('$authentication')"
          }
        },
        "Set_variable": {
          "runAfter": {
            "Get_file_metadata_using_path": [
              "Succeeded"
            ]
          },
          "metadata": {
            "operationMetadataId": "d286dd2e-b3b7-4afa-900e-250eba24502e"
          },
          "type": "SetVariable",
          "inputs": {
            "name": "FileID",
            "value": "@outputs('Get_file_metadata_using_path')?['body/ItemId']"
          }
        },
        "Apply_to_each": {
          "foreach": "@outputs('Extract_information_from_forms')?['body/responsev2/predictionOutput/tables/InvoiceLines/entries']",
          "actions": {
            "Create_item": {
              "runAfter": {},
              "metadata": {
                "operationMetadataId": "6481bb88-1932-4361-9bad-4467675206f7"
              },
              "type": "OpenApiConnection",
              "inputs": {
                "host": {
                  "connectionName": "shared_sharepointonline",
                  "operationId": "PostItem",
                  "apiId": "/providers/Microsoft.PowerApps/apis/shared_sharepointonline"
                },
                "parameters": {
                  "dataset": "@parameters('SiteCollection (dev_SiteCollection)')",
                  "table": "@parameters('Invoice Lines (dev_InvoiceLines)')",
                  "item/Title": "@variables('FileID')",
                  "item/InvoiceID": "@variables('FileID')",
                  "item/ItemNumber": "@items('Apply_to_each')?['ItemNumber/value']",
                  "item/Description": "@items('Apply_to_each')?['Description/value']",
                  "item/Quantity": "@items('Apply_to_each')?['Quantity/value']",
                  "item/UnitPrice": "@items('Apply_to_each')?['UnitPrice/value']",
                  "item/Total": "@items('Apply_to_each')?['Total/value']"
                },
                "authentication": "@parameters('$authentication')"
              }
            }
          },
          "runAfter": {
            "Extract_information_from_forms": [
              "Succeeded"
            ]
          },
          "metadata": {
            "operationMetadataId": "01b85332-6c20-4397-97e3-5035104a6ced"
          },
          "type": "Foreach"
        }
      }
    }
  },
  "schemaVersion": "1.0.0.0"
}