{
  "properties": {
    "connectionReferences": {
      "shared_office365": {
        "runtimeSource": "embedded",
        "connection": {},
        "api": {
          "name": "shared_office365"
        }
      },
      "shared_sharepointonline": {
        "runtimeSource": "embedded",
        "connection": {},
        "api": {
          "name": "shared_sharepointonline"
        }
      }
    },
    "definition": {
      "$schema": "https://schema.management.azure.com/providers/Microsoft.Logic/schemas/2016-06-01/workflowdefinition.json#",
      "contentVersion": "1.0.0.0",
      "parameters": {
        "$connections": {
          "defaultValue": {},
          "type": "Object"
        },
        "$authentication": {
          "defaultValue": {},
          "type": "SecureObject"
        },
        "Invoice Library (dev_InvoiceLibrary)": {
          "defaultValue": "5addd345-6e8c-4339-9838-1b7acfcc0a04",
          "type": "String",
          "metadata": {
            "schemaName": "dev_InvoiceLibrary",
            "description": "Document library containing invoices"
          }
        },
        "SiteCollection (dev_SiteCollection)": {
          "defaultValue": "https://pucelikenterprise.sharepoint.com/teams/Accounting",
          "type": "String",
          "metadata": {
            "schemaName": "dev_SiteCollection",
            "description": "Site Collection"
          }
        }
      },
      "triggers": {
        "When_a_new_email_arrives_(V3)": {
          "splitOn": "@triggerOutputs()?['body/value']",
          "metadata": {
            "operationMetadataId": "c2bf343f-e19e-42e0-b8fc-ac9d46dc1619"
          },
          "type": "OpenApiConnectionNotification",
          "inputs": {
            "host": {
              "connectionName": "shared_office365",
              "operationId": "OnNewEmailV3",
              "apiId": "/providers/Microsoft.PowerApps/apis/shared_office365"
            },
            "parameters": {
              "folderPath": "Inbox",
              "includeAttachments": false,
              "importance": "Any",
              "fetchOnlyWithAttachment": false
            },
            "authentication": "@parameters('$authentication')"
          }
        }
      },
      "actions": {
        "Initialize_variable": {
          "runAfter": {},
          "metadata": {
            "operationMetadataId": "1f3291c5-17df-42db-a763-043a4fe2538d"
          },
          "type": "InitializeVariable",
          "inputs": {
            "variables": [
              {
                "name": "SubjectLine",
                "type": "string"
              }
            ]
          }
        },
        "Set_variable": {
          "runAfter": {
            "Initialize_variable": [
              "Succeeded"
            ]
          },
          "metadata": {
            "operationMetadataId": "733b4c19-96ab-41ea-9ab7-cd55901dd046"
          },
          "type": "SetVariable",
          "inputs": {
            "name": "SubjectLine",
            "value": "@triggerOutputs()?['body/subject']"
          }
        },
        "Condition": {
          "actions": {
            "Apply_to_each": {
              "foreach": "@triggerOutputs()?['body/attachments']",
              "actions": {
                "Condition_2": {
                  "actions": {
                    "Get_Attachment_(V2)": {
                      "runAfter": {},
                      "metadata": {
                        "operationMetadataId": "20326648-5d4c-4472-9cf5-34fb65f8fa85"
                      },
                      "type": "OpenApiConnection",
                      "inputs": {
                        "host": {
                          "connectionName": "shared_office365",
                          "operationId": "GetAttachment_V2",
                          "apiId": "/providers/Microsoft.PowerApps/apis/shared_office365"
                        },
                        "parameters": {
                          "messageId": "@triggerOutputs()?['body/id']",
                          "attachmentId": "@items('Apply_to_each')?['id']"
                        },
                        "authentication": "@parameters('$authentication')"
                      }
                    },
                    "Create_file": {
                      "runAfter": {
                        "Get_Attachment_(V2)": [
                          "Succeeded"
                        ]
                      },
                      "metadata": {
                        "operationMetadataId": "8aa6e876-2fad-4bf4-827d-453a718027f8"
                      },
                      "type": "OpenApiConnection",
                      "inputs": {
                        "host": {
                          "connectionName": "shared_sharepointonline",
                          "operationId": "CreateFile",
                          "apiId": "/providers/Microsoft.PowerApps/apis/shared_sharepointonline"
                        },
                        "parameters": {
                          "dataset": "@parameters('SiteCollection (dev_SiteCollection)')",
                          "folderPath": "/@{parameters('Invoice Library (dev_InvoiceLibrary)')}",
                          "name": "@outputs('Get_Attachment_(V2)')?['body/name']",
                          "body": "@outputs('Get_Attachment_(V2)')?['body/contentBytes']"
                        },
                        "authentication": "@parameters('$authentication')"
                      },
                      "runtimeConfiguration": {
                        "contentTransfer": {
                          "transferMode": "Chunked"
                        }
                      }
                    }
                  },
                  "runAfter": {},
                  "expression": {
                    "equals": [
                      "@items('Apply_to_each')?['contentType']",
                      "application/pdf"
                    ]
                  },
                  "metadata": {
                    "operationMetadataId": "28842dab-4bc9-4077-a367-fd19c480f44c"
                  },
                  "type": "If"
                }
              },
              "runAfter": {},
              "metadata": {
                "operationMetadataId": "72a51dfc-bd07-411c-9cef-ebbafef3723d"
              },
              "type": "Foreach"
            }
          },
          "runAfter": {
            "Set_variable": [
              "Succeeded"
            ]
          },
          "expression": {
            "or": [
              {
                "contains": [
                  "@variables('SubjectLine')",
                  "Invoice"
                ]
              },
              {
                "contains": [
                  "@variables('SubjectLine')",
                  "invoice"
                ]
              }
            ]
          },
          "metadata": {
            "operationMetadataId": "f6689557-1082-473a-8e99-2740cb71a202"
          },
          "type": "If"
        }
      },
      "outputs": {}
    }
  },
  "schemaVersion": "1.0.0.0"
}