<botcomponent_workflowset>
  <botcomponent_workflow botcomponentid.schemaname="cr478_healthApp.topic.Untitled" workflowid.workflowid="4319e62f-f15c-ee11-be6f-0022480b6a3f">
    <iscustomizable>1</iscustomizable>
  </botcomponent_workflow>
  <botcomponent_workflow botcomponentid.schemaname="cr478_healthApp.topic.Untitled" workflowid.workflowid="632b3d73-055d-ee11-be6f-0022480b6a3f">
    <iscustomizable>1</iscustomizable>
  </botcomponent_workflow>
  <botcomponent_workflow botcomponentid.schemaname="cr478_healthApp.topic.Untitled" workflowid.workflowid="b2b0595d-255d-ee11-be6f-0022480b6a3f">
    <iscustomizable>1</iscustomizable>
  </botcomponent_workflow>
  <botcomponent_workflow botcomponentid.schemaname="cr478_healthApp.topic.Untitled" workflowid.workflowid="d3897216-4458-ee11-be6f-0022480b6a3f">
    <iscustomizable>1</iscustomizable>
  </botcomponent_workflow>
</botcomponent_workflowset>