{"name":"11445de3-342e-4c5d-9a62-05251949fd18","id":"/providers/Microsoft.Flow/flows/11445de3-342e-4c5d-9a62-05251949fd18","type":"Microsoft.Flow/flows","properties":{"apiId":"/providers/Microsoft.PowerApps/apis/shared_logicflows","displayName":"Event Registration","definition":{"metadata":{"workflowEntityId":null,"processAdvisorMetadata":null,"flowclientsuspensionreason":"None","flowclientsuspensiontime":null,"creator":{"id":"be7f6a61-71ec-4e63-8609-3e2cb740dc75","type":"User","tenantId":"32292181-0169-456b-b0a4-95fa4c5773a4"},"provisioningMethod":"FromDefinition","failureAlertSubscription":true,"clientLastModifiedTime":"2021-12-13T10:51:26.9926771Z"},"$schema":"https://schema.management.azure.com/providers/Microsoft.Logic/schemas/2016-06-01/workflowdefinition.json#","contentVersion":"1.0.0.0","parameters":{"$connections":{"defaultValue":{},"type":"Object"},"$authentication":{"defaultValue":{},"type":"SecureObject"}},"triggers":{"manual":{"metadata":{"operationMetadataId":"f890f335-b457-4040-bbe9-14994c00f17d"},"type":"Request","kind":"PowerApp","inputs":{"schema":{"type":"object","properties":{"InitializeIsRegistering_Value":{"type":"boolean","description":"Enter initial value","x-ms-powerflows-param-ispartial":false},"InitializeEventID_Value":{"type":"integer","description":"Enter initial value","x-ms-powerflows-param-ispartial":false},"Initializevariable_Value":{"type":"integer","description":"Enter initial value","x-ms-powerflows-param-ispartial":false},"Createevent(V4)_Subject":{"type":"string","description":"Event subject","x-ms-powerflows-param-ispartial":false},"Createevent(V4)_Starttime":{"type":"string","format":"date-no-tz","description":"Start time of the event (example: '2017-08-29T04:00:00')","x-ms-powerflows-param-ispartial":false},"Createevent(V4)_Endtime":{"type":"string","format":"date-no-tz","description":"End time of the event (example: '2017-08-29T05:00:00')","x-ms-powerflows-param-ispartial":false},"Createevent(V4)_Body":{"type":"string","format":"html","description":"Body of the message associated with the event","x-ms-powerflows-param-ispartial":false},"Createevent(V4)_Location":{"type":"string","description":"Location of the event","x-ms-powerflows-param-ispartial":false}},"required":["InitializeIsRegistering_Value","InitializeEventID_Value","Initializevariable_Value","Createevent(V4)_Subject","Createevent(V4)_Starttime","Createevent(V4)_Endtime","Createevent(V4)_Body","Createevent(V4)_Location"]}}}},"actions":{"Check_if_user_is_registering":{"actions":{"Create_event_registration":{"runAfter":{"Set_AttendeeCalendarEventID_variable":["Succeeded"]},"metadata":{"flowSystemMetadata":{"swaggerOperationId":"PostItem"},"operationMetadataId":"d17e015c-019e-4aa8-82b0-aabe09e77cec"},"type":"ApiConnection","inputs":{"host":{"connection":{"name":"@json(decodeBase64(triggerOutputs().headers['X-MS-APIM-Tokens']))['$connections']['shared_sharepointonline']['connectionId']"},"api":{"runtimeUrl":"https://uk-001.azure-apim.net/apim/sharepointonline"}},"method":"post","body":{"Title":"Registration","Attendee":{"Claims":"@body('Create_event')?['organizer']"},"AttendeeStatus":{"Value":"Registered"},"EventID":"@variables('EventID')","AttendeeEventID":"@variables('AttendeeCalendarEventID')"},"path":"/datasets/@{encodeURIComponent(encodeURIComponent(variables('EventsSiteURL')))}/tables/@{encodeURIComponent(encodeURIComponent('Event Attendees'))}/items","authentication":{"type":"Raw","value":"@json(decodeBase64(triggerOutputs().headers['X-MS-APIM-Tokens']))['$ConnectionKey']"}}},"Set_AttendeeCalendarEventID_variable":{"runAfter":{"Create_event":["Succeeded"]},"metadata":{"operationMetadataId":"20194ffa-8fc2-4eb1-bf4c-2aa401893b20"},"type":"SetVariable","inputs":{"name":"AttendeeCalendarEventID","value":"@body('Create_event')?['id']"},"description":"Set the AttendeeCalendarEventID variable to the Id of the event in the users' calendar."},"Create_event":{"runAfter":{},"metadata":{"operationMetadataId":"66581105-7ae2-4f8d-94ad-f78598ca89f5","flowSystemMetadata":{"swaggerOperationId":"V4CalendarPostItem"}},"type":"ApiConnection","inputs":{"host":{"connection":{"name":"@json(decodeBase64(triggerOutputs().headers['X-MS-APIM-Tokens']))['$connections']['shared_office365']['connectionId']"},"api":{"runtimeUrl":"https://uk-001.azure-apim.net/apim/office365"}},"method":"post","body":{"subject":"@triggerBody()['Createevent(V4)_Subject']","start":"@triggerBody()['Createevent(V4)_Starttime']","end":"@triggerBody()['Createevent(V4)_Endtime']","timeZone":"(UTC+00:00) Dublin, Edinburgh, Lisbon, London"},"path":"/datasets/calendars/v4/tables/@{encodeURIComponent(encodeURIComponent(variables('CalendarID')))}/items","authentication":{"type":"Raw","value":"@json(decodeBase64(triggerOutputs().headers['X-MS-APIM-Tokens']))['$ConnectionKey']"}}}},"runAfter":{"Loop_through_users_calendars":["Succeeded"]},"else":{"actions":{"Get_event_registration":{"runAfter":{},"metadata":{"flowSystemMetadata":{"swaggerOperationId":"GetItem"},"operationMetadataId":"cfd6c037-3171-47aa-a8df-fc89966a761d"},"type":"ApiConnection","inputs":{"host":{"connection":{"name":"@json(decodeBase64(triggerOutputs().headers['X-MS-APIM-Tokens']))['$connections']['shared_sharepointonline']['connectionId']"},"api":{"runtimeUrl":"https://uk-001.azure-apim.net/apim/sharepointonline"}},"method":"get","path":"/datasets/@{encodeURIComponent(encodeURIComponent(variables('EventsSiteURL')))}/tables/@{encodeURIComponent(encodeURIComponent('Event Attendees'))}/items/@{encodeURIComponent(variables('EventRegistrationID'))}","authentication":{"type":"Raw","value":"@json(decodeBase64(triggerOutputs().headers['X-MS-APIM-Tokens']))['$ConnectionKey']"}}},"Delete_event_registration_item":{"runAfter":{"Delete_event":["Succeeded"]},"metadata":{"flowSystemMetadata":{"swaggerOperationId":"DeleteItem"},"operationMetadataId":"8eef3a99-5408-4696-9abd-b4b3229f8cf1"},"type":"ApiConnection","inputs":{"host":{"connection":{"name":"@json(decodeBase64(triggerOutputs().headers['X-MS-APIM-Tokens']))['$connections']['shared_sharepointonline']['connectionId']"},"api":{"runtimeUrl":"https://uk-001.azure-apim.net/apim/sharepointonline"}},"method":"delete","path":"/datasets/@{encodeURIComponent(encodeURIComponent(variables('EventsSiteURL')))}/tables/@{encodeURIComponent(encodeURIComponent('Event Attendees'))}/items/@{encodeURIComponent(variables('EventRegistrationID'))}","authentication":{"type":"Raw","value":"@json(decodeBase64(triggerOutputs().headers['X-MS-APIM-Tokens']))['$ConnectionKey']"}}},"Delete_event":{"runAfter":{"Get_event_registration":["Succeeded"]},"metadata":{"operationMetadataId":"9277efca-156d-43da-87b7-2c1e06d980bb","flowSystemMetadata":{"swaggerOperationId":"CalendarDeleteItem_V2"}},"type":"ApiConnection","inputs":{"host":{"connection":{"name":"@json(decodeBase64(triggerOutputs().headers['X-MS-APIM-Tokens']))['$connections']['shared_office365']['connectionId']"},"api":{"runtimeUrl":"https://uk-001.azure-apim.net/apim/office365"}},"method":"delete","path":"/codeless/v1.0/me/calendars/@{encodeURIComponent(encodeURIComponent(variables('CalendarID')))}/events/@{encodeURIComponent(encodeURIComponent(body('Get_event_registration')?['AttendeeEventID']))}","authentication":{"type":"Raw","value":"@json(decodeBase64(triggerOutputs().headers['X-MS-APIM-Tokens']))['$ConnectionKey']"}}}}},"expression":{"equals":["@variables('IsRegistering')",true]},"metadata":{"operationMetadataId":"666aa1ff-8bfc-4e9e-9249-8f67daf141ae"},"type":"If"},"Initialize_AttendeeCalendarEventID_variable":{"runAfter":{"Events_Site_URL":["Succeeded"]},"metadata":{"operationMetadataId":"b5e059e9-9a8c-490c-823f-23f76c4b03c2"},"type":"InitializeVariable","inputs":{"variables":[{"name":"AttendeeCalendarEventID","type":"String"}]}},"Get_calendars":{"runAfter":{"Initialize_EventRegistrationID_variable":["Succeeded"]},"metadata":{"flowSystemMetadata":{"swaggerOperationId":"CalendarGetTables"},"operationMetadataId":"13741e46-be22-472a-a15d-32faeea90550"},"type":"ApiConnection","inputs":{"host":{"connection":{"name":"@json(decodeBase64(triggerOutputs().headers['X-MS-APIM-Tokens']))['$connections']['shared_office365_1']['connectionId']"},"api":{"runtimeUrl":"https://uk-001.azure-apim.net/apim/office365"}},"method":"get","path":"/datasets/calendars/tables","authentication":{"type":"Raw","value":"@json(decodeBase64(triggerOutputs().headers['X-MS-APIM-Tokens']))['$ConnectionKey']"}}},"Loop_through_users_calendars":{"foreach":"@body('Get_calendars')?['value']","actions":{"Check_calendar_name":{"actions":{"Set_Calendar_ID":{"runAfter":{},"metadata":{"operationMetadataId":"5ab8f6a8-ab6e-4f5d-909d-84894aeb8479"},"type":"SetVariable","inputs":{"name":"CalendarID","value":"@items('Loop_through_users_calendars')?['Name']"}}},"runAfter":{},"expression":{"equals":["@items('Loop_through_users_calendars')?['DisplayName']","Calendar"]},"metadata":{"operationMetadataId":"2bf1527b-270a-4272-bad5-0f97b600e483"},"type":"If"}},"runAfter":{"Get_calendars":["Succeeded"]},"metadata":{"operationMetadataId":"dbf88bb9-3888-4724-b10d-973fd1ca5310"},"type":"Foreach"},"Initialize_CalendarID_variable":{"runAfter":{"Initialize_AttendeeCalendarEventID_variable":["Succeeded"]},"metadata":{"operationMetadataId":"c8d43b33-a8c9-420a-b57c-48f0038a1fa8"},"type":"InitializeVariable","inputs":{"variables":[{"name":"CalendarID","type":"String"}]}},"Initialize_IsRegistering_variable":{"runAfter":{"Initialize_CalendarID_variable":["Succeeded"]},"metadata":{"operationMetadataId":"c6056bbd-db09-4c48-8a00-2db209fed5cf"},"type":"InitializeVariable","inputs":{"variables":[{"name":"IsRegistering","type":"Boolean","value":"@triggerBody()['InitializeIsRegistering_Value']"}]}},"Initialize_EventID_variable":{"runAfter":{"Initialize_IsRegistering_variable":["Succeeded"]},"metadata":{"operationMetadataId":"283beef8-bd3d-4036-a374-4df98604ca7c"},"type":"InitializeVariable","inputs":{"variables":[{"name":"EventID","type":"Integer","value":"@triggerBody()['InitializeEventID_Value']"}]}},"Respond_to_a_PowerApp_or_flow":{"runAfter":{"Check_if_user_is_registering":["Succeeded"]},"metadata":{"operationMetadataId":"913be11c-3391-4e8c-9aa4-02ec4cbfe1fb"},"type":"Response","kind":"PowerApp","inputs":{"statusCode":200,"body":{"eventregistrationid":"@body('Create_event_registration')?['ID']"},"schema":{"type":"object","properties":{"eventregistrationid":{"title":"EventRegistrationID","x-ms-dynamically-added":true,"type":"number"}}}}},"Initialize_EventRegistrationID_variable":{"runAfter":{"Initialize_EventID_variable":["Succeeded"]},"metadata":{"operationMetadataId":"aa37291b-b368-41e5-9f36-90b5d1728bb8"},"type":"InitializeVariable","inputs":{"variables":[{"name":"EventRegistrationID","type":"integer","value":"@triggerBody()['Initializevariable_Value']"}]}},"Events_Site_URL":{"runAfter":{},"metadata":{"operationMetadataId":"9d84c47a-9ecb-4128-ba52-9420790ccedf"},"type":"InitializeVariable","inputs":{"variables":[{"name":"EventsSiteURL","type":"string","value":"https://m365x765471.sharepoint.com/sites/events"}]}}},"outputs":{},"description":"Used by the Event Registration Power App to register/unregister users from events. Adds/removes these events from the Outlook calendar of the user who is registering."},"connectionReferences":{"shared_sharepointonline":{"connectionName":"0c43331dd47d408186f1d27fde7b4211","source":"Invoker","id":"/providers/Microsoft.PowerApps/apis/shared_sharepointonline","tier":"NotSpecified"},"shared_office365":{"connectionName":"a0dbd69849bf4c768bf434e8d85673f2","source":"Invoker","id":"/providers/Microsoft.PowerApps/apis/shared_office365","tier":"NotSpecified"},"shared_office365_1":{"connectionName":"a0dbd69849bf4c768bf434e8d85673f2","source":"Invoker","id":"/providers/Microsoft.PowerApps/apis/shared_office365","tier":"NotSpecified"}},"flowFailureAlertSubscribed":false}}