﻿<?xml version="1.0" encoding="utf-8"?>
<ImportExportXml xmlns:xsi="http://www.w3.org/2001/XMLSchema-instance">
  <Entities>
    <Entity>
      <Name LocalizedName="Approval" OriginalName="Approval">msdyn_flow_approval</Name>
      <RibbonDiffXml>
        <RibbonNotSupported />
      </RibbonDiffXml>
    </Entity>
    <Entity>
      <Name LocalizedName="Approval Request" OriginalName="Approval Request">msdyn_flow_approvalrequest</Name>
      <RibbonDiffXml>
        <RibbonNotSupported />
      </RibbonDiffXml>
    </Entity>
  </Entities>
  <Roles />
  <Workflows>
    <Workflow WorkflowId="{e698fd41-5d76-ee11-8179-0022489fd9dd}" Name="Set approval result">
      <JsonFileName>/Workflows/Setapprovalresult-E698FD41-5D76-EE11-8179-0022489FD9DD.json</JsonFileName>
      <Type>1</Type>
      <Subprocess>0</Subprocess>
      <Category>5</Category>
      <Mode>0</Mode>
      <Scope>4</Scope>
      <OnDemand>0</OnDemand>
      <TriggerOnCreate>0</TriggerOnCreate>
      <TriggerOnDelete>0</TriggerOnDelete>
      <AsyncAutodelete>0</AsyncAutodelete>
      <SyncWorkflowLogOnFailure>0</SyncWorkflowLogOnFailure>
      <StateCode>1</StateCode>
      <StatusCode>2</StatusCode>
      <RunAs>1</RunAs>
      <IsTransacted>1</IsTransacted>
      <IntroducedVersion>1.0.0.0</IntroducedVersion>
      <IsCustomizable>1</IsCustomizable>
      <BusinessProcessType>0</BusinessProcessType>
      <IsCustomProcessingStepAllowedForOtherPublishers>1</IsCustomProcessingStepAllowedForOtherPublishers>
      <PrimaryEntity>none</PrimaryEntity>
      <LocalizedNames>
        <LocalizedName languagecode="1033" description="Set approval result" />
      </LocalizedNames>
    </Workflow>
  </Workflows>
  <FieldSecurityProfiles />
  <Templates />
  <EntityMaps />
  <EntityRelationships />
  <OrganizationSettings />
  <optionsets />
  <CustomControls />
  <EntityDataProviders />
  <CanvasApps>
    <CanvasApp>
      <Name>gk_manageapprovalsapp_efeb3</Name>
      <AppVersion>2023-11-12T12:18:47Z</AppVersion>
      <Status>Ready</Status>
      <CreatedByClientVersion>3.23105.17.0</CreatedByClientVersion>
      <MinClientVersion>3.23105.17.0</MinClientVersion>
      <Tags>{"primaryDeviceWidth":"1366","primaryDeviceHeight":"768","supportsPortrait":"true","supportsLandscape":"true","primaryFormFactor":"Tablet","showStatusBar":"false","publisherVersion":"3.23105.17","minimumRequiredApiVersion":"2.2.0","hasComponent":"false","hasUnlockedComponent":"false","isUnifiedRootApp":"false","sienaVersion":"20231112T120806Z-3.23105.17.0"}</Tags>
      <IsCdsUpgraded>0</IsCdsUpgraded>
      <GalleryItemId xsi:nil="true"></GalleryItemId>
      <BackgroundColor>RGBA(0,176,240,1)</BackgroundColor>
      <DisplayName>Manage Approvals App</DisplayName>
      <Description xsi:nil="true"></Description>
      <CommitMessage xsi:nil="true"></CommitMessage>
      <Publisher xsi:nil="true"></Publisher>
      <AuthorizationReferences>[]</AuthorizationReferences>
      <ConnectionReferences>{"13b65b5d-93d7-4fff-87b7-abd0058dfb9c":{"id":"/providers/microsoft.powerapps/apis/shared_logicflows","displayName":"Logic flows","iconUri":"https://connectoricons-prod.azureedge.net/releases/v1.0.1664/1.0.1664.3477/logicflows/icon.png","dataSources":["Setapprovalresult"],"dependencies":["551148b1-cd13-47f0-a2b4-b09a2276134a"],"dependents":[],"parameterHints":{"workflowName":{"value":"3937159a-190e-422f-b154-374dbe4598f5"},"workflowEntityId":{"value":"e698fd41-5d76-ee11-8179-0022489fd9dd"},"551148b1-cd13-47f0-a2b4-b09a2276134a":{"value":"shared_commondataserviceforapps_1"}},"parameterHintsV2":{"workflowName":{"value":"3937159a-190e-422f-b154-374dbe4598f5"},"workflowEntityId":{"value":"e698fd41-5d76-ee11-8179-0022489fd9dd"},"shared_commondataserviceforapps_1":{"value":"551148b1-cd13-47f0-a2b4-b09a2276134a"}},"isOnPremiseConnection":false,"bypassConsent":false,"dataSets":{},"apiTier":"Standard","actions":["Run"]},"551148b1-cd13-47f0-a2b4-b09a2276134a":{"id":"/providers/microsoft.powerapps/apis/shared_commondataserviceforapps","displayName":"Microsoft Dataverse","iconUri":"https://connectoricons-prod.azureedge.net/releases/v1.0.1664/1.0.1664.3477/commondataserviceforapps/icon.png","dataSources":[],"dependencies":[],"dependents":["13b65b5d-93d7-4fff-87b7-abd0058dfb9c"],"parameterHints":{},"parameterHintsV2":{},"isOnPremiseConnection":false,"bypassConsent":false,"dataSets":{},"apiTier":"Premium"}}</ConnectionReferences>
      <DatabaseReferences>{"default.cds":{"databaseDetails":{"referenceType":"Environmental","environmentName":"default.cds","overrideValues":{"status":"NotSpecified","environmentVariableName":""}},"dataSources":{"Approvals":{"entitySetName":"msdyn_flow_approvals","logicalName":"msdyn_flow_approval"},"Users":{"entitySetName":"systemusers","logicalName":"systemuser"},"Approval Requests":{"entitySetName":"msdyn_flow_approvalrequests","logicalName":"msdyn_flow_approvalrequest"}}}}</DatabaseReferences>
      <AppComponents>[]</AppComponents>
      <AppComponentDependencies>[]</AppComponentDependencies>
      <CanConsumeAppPass>1</CanConsumeAppPass>
      <CanvasAppType>0</CanvasAppType>
      <BypassConsent>0</BypassConsent>
      <AdminControlBypassConsent>0</AdminControlBypassConsent>
      <EmbeddedApp xsi:nil="true"></EmbeddedApp>
      <IntroducedVersion>1.0</IntroducedVersion>
      <CdsDependencies>{"cdsdependencies":[{"dependencyid":"e698fd41-5d76-ee11-8179-0022489fd9dd","componenttype":29,"componenttypeplatformname":"Workflow"},{"logicalname":"msdyn_flow_approval","componenttype":1},{"logicalname":"systemuser","componenttype":1},{"logicalname":"msdyn_flow_approvalrequest","componenttype":1}]}</CdsDependencies>
      <IsCustomizable>1</IsCustomizable>
      <BackgroundImageUri>/CanvasApps/gk_manageapprovalsapp_efeb3_BackgroundImageUri</BackgroundImageUri>
      <DocumentUri>/CanvasApps/gk_manageapprovalsapp_efeb3_DocumentUri.msapp</DocumentUri>
    </CanvasApp>
  </CanvasApps>
  <connectionreferences>
    <connectionreference connectionreferencelogicalname="ggk_MicrosoftDataverseManageApprovals">
      <connectionreferencedisplayname>Microsoft Dataverse - Manage Approvals</connectionreferencedisplayname>
      <connectorid>/providers/Microsoft.PowerApps/apis/shared_commondataserviceforapps</connectorid>
      <iscustomizable>1</iscustomizable>
      <statecode>0</statecode>
      <statuscode>1</statuscode>
    </connectionreference>
  </connectionreferences>
  <Languages>
    <Language>1033</Language>
  </Languages>
</ImportExportXml>