<customapirequestparameter uniquename="QualifyProspect_prospectid">
  <description default="QualifyProspect_prospectid">
    <label description="QualifyProspect_prospectid" languagecode="1033" />
  </description>
  <displayname default="QualifyProspect_prospectid">
    <label description="QualifyProspect_prospectid" languagecode="1033" />
  </displayname>
  <iscustomizable>1</iscustomizable>
  <isoptional>0</isoptional>
  <name>QualifyProspect_prospectid</name>
  <type>10</type>
</customapirequestparameter>