{"name":"8a7ca5e4-1a0a-4a2f-a382-4fbc14f35b6b","id":"/providers/Microsoft.Flow/flows/8a7ca5e4-1a0a-4a2f-a382-4fbc14f35b6b","type":"Microsoft.Flow/flows","properties":{"apiId":"/providers/Microsoft.PowerApps/apis/shared_logicflows","displayName":"When a group member is added or removed -> Send an email","definition":{"metadata":{"workflowEntityId":null,"processAdvisorMetadata":null,"flowclientsuspensionreason":"None","flowclientsuspensiontime":null,"creator":{"id":"90f43eac-70c3-4aa7-bcca-7ee3522b3845","type":"User","tenantId":"6de564db-087d-4859-a47b-94fa2b68b3a7"},"provisioningMethod":"FromDefinition","failureAlertSubscription":true,"clientLastModifiedTime":"2022-01-10T12:55:16.9127721Z"},"$schema":"https://schema.management.azure.com/providers/Microsoft.Logic/schemas/2016-06-01/workflowdefinition.json#","contentVersion":"1.0.0.0","parameters":{"$connections":{"defaultValue":{},"type":"Object"},"$authentication":{"defaultValue":{},"type":"SecureObject"}},"triggers":{"When_a_group_member_is_added_or_removed":{"recurrence":{"frequency":"Minute","interval":3},"splitOn":"@triggerOutputs()?['body']","metadata":{"operationMetadataId":"f2214ad8-7820-431d-b943-4f05a36516e5"},"type":"OpenApiConnection","inputs":{"host":{"apiId":"/providers/Microsoft.PowerApps/apis/shared_office365groups","connectionName":"shared_office365groups","operationId":"OnGroupMembershipChange"},"parameters":{"groupId":"7ae9810e-5948-4aed-81cc-62f9ccc4d562"},"authentication":"@parameters('$authentication')"}}},"actions":{"Get_user":{"runAfter":{"Get_group":["Succeeded"]},"metadata":{"operationMetadataId":"b261e6e7-7c01-419a-b648-461c71ee76da"},"type":"OpenApiConnection","inputs":{"host":{"apiId":"/providers/Microsoft.PowerApps/apis/shared_azuread","connectionName":"shared_azuread","operationId":"GetUser"},"parameters":{"id":"@triggerOutputs()?['body/id']"},"authentication":"@parameters('$authentication')"}},"Condition":{"actions":{"Added_to_the_group":{"runAfter":{},"metadata":{"operationMetadataId":"aa35765b-6c69-4e69-b2ce-f45ed5269d53"},"type":"OpenApiConnection","inputs":{"host":{"apiId":"/providers/Microsoft.PowerApps/apis/shared_office365","connectionName":"shared_office365","operationId":"SendEmailV2"},"parameters":{"emailMessage/To":"@outputs('Get_user')?['body/mail']","emailMessage/Subject":"A very warm welcome! ","emailMessage/Body":"<p>You are added to the group @{outputs('Get_group')?['body/displayName']}</p>"},"authentication":"@parameters('$authentication')"}}},"runAfter":{"Get_user":["Succeeded"]},"else":{"actions":{"Removed_for_the_group":{"runAfter":{},"metadata":{"operationMetadataId":"aa35765b-6c69-4e69-b2ce-f45ed5269d53"},"type":"OpenApiConnection","inputs":{"host":{"apiId":"/providers/Microsoft.PowerApps/apis/shared_office365","connectionName":"shared_office365","operationId":"SendEmailV2"},"parameters":{"emailMessage/To":"@outputs('Get_user')?['body/mail']","emailMessage/Subject":"We are very sad to see you go....... ","emailMessage/Body":"<p>You are removed from the group @{outputs('Get_group')?['body/displayName']}</p>"},"authentication":"@parameters('$authentication')"}}}},"expression":{"equals":["@empty(triggerBody()?['@removed']?['reason'])",true]},"metadata":{"operationMetadataId":"aad11f5e-ceaa-4033-89c5-1898f3626648"},"type":"If"},"Get_group":{"runAfter":{},"metadata":{"operationMetadataId":"458a674b-1fa0-41da-bce4-a0dcf36423b9"},"type":"OpenApiConnection","inputs":{"host":{"apiId":"/providers/Microsoft.PowerApps/apis/shared_azuread","connectionName":"shared_azuread","operationId":"GetGroup"},"parameters":{"id":"7ae9810e-5948-4aed-81cc-62f9ccc4d562"},"authentication":"@parameters('$authentication')"}}},"outputs":{}},"connectionReferences":{"shared_azuread":{"connectionName":"shared-azuread-24d18d4f-33a1-4041-ac6b-3c98-3635cb42","source":"Embedded","id":"/providers/Microsoft.PowerApps/apis/shared_azuread","tier":"NotSpecified"},"shared_office365":{"connectionName":"shared-office365-731c1cc9-caeb-4ebf-a586-8f45-634e57c8","source":"Embedded","id":"/providers/Microsoft.PowerApps/apis/shared_office365","tier":"NotSpecified"},"shared_office365groups":{"connectionName":"2ff7b5d03b5c4a7d8677cea51416bbee","source":"Embedded","id":"/providers/Microsoft.PowerApps/apis/shared_office365groups","tier":"NotSpecified"}},"flowFailureAlertSubscribed":false}}