<ImportExportXml version="9.2.23083.184" SolutionPackageVersion="9.2" languagecode="1033" generatedBy="CrmLive" xmlns:xsi="http://www.w3.org/2001/XMLSchema-instance">
  <SolutionManifest>
    <UniqueName>FinalSolution</UniqueName>
    <LocalizedNames>
      <LocalizedName description="Final Solution" languagecode="1033" />
    </LocalizedNames>
    <Descriptions />
    <Version>1.0.0.4</Version>
    <Managed>1</Managed>
    <Publisher>
      <UniqueName>Crda08e</UniqueName>
      <LocalizedNames>
        <LocalizedName description="CDS Default Publisher" languagecode="1033" />
      </LocalizedNames>
      <Descriptions />
      <EMailAddress xsi:nil="true"></EMailAddress>
      <SupportingWebsiteUrl xsi:nil="true"></SupportingWebsiteUrl>
      <CustomizationPrefix>cr478</CustomizationPrefix>
      <CustomizationOptionValuePrefix>78068</CustomizationOptionValuePrefix>
      <Addresses>
        <Address>
          <AddressNumber>1</AddressNumber>
          <AddressTypeCode xsi:nil="true"></AddressTypeCode>
          <City xsi:nil="true"></City>
          <County xsi:nil="true"></County>
          <Country xsi:nil="true"></Country>
          <Fax xsi:nil="true"></Fax>
          <FreightTermsCode xsi:nil="true"></FreightTermsCode>
          <ImportSequenceNumber xsi:nil="true"></ImportSequenceNumber>
          <Latitude xsi:nil="true"></Latitude>
          <Line1 xsi:nil="true"></Line1>
          <Line2 xsi:nil="true"></Line2>
          <Line3 xsi:nil="true"></Line3>
          <Longitude xsi:nil="true"></Longitude>
          <Name xsi:nil="true"></Name>
          <PostalCode xsi:nil="true"></PostalCode>
          <PostOfficeBox xsi:nil="true"></PostOfficeBox>
          <PrimaryContactName xsi:nil="true"></PrimaryContactName>
          <ShippingMethodCode xsi:nil="true"></ShippingMethodCode>
          <StateOrProvince xsi:nil="true"></StateOrProvince>
          <Telephone1 xsi:nil="true"></Telephone1>
          <Telephone2 xsi:nil="true"></Telephone2>
          <Telephone3 xsi:nil="true"></Telephone3>
          <TimeZoneRuleVersionNumber xsi:nil="true"></TimeZoneRuleVersionNumber>
          <UPSZone xsi:nil="true"></UPSZone>
          <UTCOffset xsi:nil="true"></UTCOffset>
          <UTCConversionTimeZoneCode xsi:nil="true"></UTCConversionTimeZoneCode>
        </Address>
        <Address>
          <AddressNumber>2</AddressNumber>
          <AddressTypeCode xsi:nil="true"></AddressTypeCode>
          <City xsi:nil="true"></City>
          <County xsi:nil="true"></County>
          <Country xsi:nil="true"></Country>
          <Fax xsi:nil="true"></Fax>
          <FreightTermsCode xsi:nil="true"></FreightTermsCode>
          <ImportSequenceNumber xsi:nil="true"></ImportSequenceNumber>
          <Latitude xsi:nil="true"></Latitude>
          <Line1 xsi:nil="true"></Line1>
          <Line2 xsi:nil="true"></Line2>
          <Line3 xsi:nil="true"></Line3>
          <Longitude xsi:nil="true"></Longitude>
          <Name xsi:nil="true"></Name>
          <PostalCode xsi:nil="true"></PostalCode>
          <PostOfficeBox xsi:nil="true"></PostOfficeBox>
          <PrimaryContactName xsi:nil="true"></PrimaryContactName>
          <ShippingMethodCode xsi:nil="true"></ShippingMethodCode>
          <StateOrProvince xsi:nil="true"></StateOrProvince>
          <Telephone1 xsi:nil="true"></Telephone1>
          <Telephone2 xsi:nil="true"></Telephone2>
          <Telephone3 xsi:nil="true"></Telephone3>
          <TimeZoneRuleVersionNumber xsi:nil="true"></TimeZoneRuleVersionNumber>
          <UPSZone xsi:nil="true"></UPSZone>
          <UTCOffset xsi:nil="true"></UTCOffset>
          <UTCConversionTimeZoneCode xsi:nil="true"></UTCConversionTimeZoneCode>
        </Address>
      </Addresses>
    </Publisher>
    <RootComponents>
      <RootComponent type="1" schemaName="cr478_doctor" behavior="0" />
      <RootComponent type="1" schemaName="cr478_medicine" behavior="0" />
      <RootComponent type="1" schemaName="cr478_prescription" behavior="0" />
      <RootComponent type="29" id="{37b761ab-a857-ee11-be6f-0022480b6a3f}" behavior="0" />
      <RootComponent type="29" id="{3c196271-ae57-ee11-be6f-0022480b6a3f}" behavior="0" />
      <RootComponent type="29" id="{4319e62f-f15c-ee11-be6f-0022480b6a3f}" behavior="0" />
      <RootComponent type="29" id="{632b3d73-055d-ee11-be6f-0022480b6a3f}" behavior="0" />
      <RootComponent type="29" id="{a8fe2d88-425c-ee11-be6f-0022480b6a3f}" behavior="0" />
      <RootComponent type="29" id="{b2b0595d-255d-ee11-be6f-0022480b6a3f}" behavior="0" />
      <RootComponent type="29" id="{b44af594-e15d-ee11-be6f-0022480b6a3f}" behavior="0" />
      <RootComponent type="29" id="{d3897216-4458-ee11-be6f-0022480b6a3f}" behavior="0" />
      <RootComponent type="62" schemaName="cr478_MedicalApp" behavior="0" />
      <RootComponent type="80" schemaName="cr478_MedicalApp" behavior="0" />
      <RootComponent type="300" schemaName="cr478_app_8a0e0" behavior="0" />
      <RootComponent type="300" schemaName="cr478_testcustompage_45ce6" behavior="0" />
      <RootComponent type="401" id="{26e56c97-109d-42c4-af66-a79be9bee1bf}" behavior="0" />
    </RootComponents>
    <MissingDependencies>
      <MissingDependency>
        <Required type="61" schemaName="msdyn_/Images/AppModule_Default_Icon.png" displayName="msdyn_/Images/AppModule_Default_Icon.png" solution="AppModuleWebResources (2.5)" />
        <Dependent type="80" schemaName="cr478_MedicalApp" displayName="LTIM Medical Center" />
      </MissingDependency>
      <MissingDependency>
        <Required type="connectionreference" displayName="new_sharedteams_aa1b8" solution="Active" id.connectionreferencelogicalname="new_sharedteams_aa1b8" />
        <Dependent type="29" displayName="Set appointment " id="{632b3d73-055d-ee11-be6f-0022480b6a3f}" />
      </MissingDependency>
      <MissingDependency>
        <Required type="connectionreference" displayName="new_sharedteams_aa1b8" solution="Active" id.connectionreferencelogicalname="new_sharedteams_aa1b8" />
        <Dependent type="29" displayName="Book appointment" id="{a8fe2d88-425c-ee11-be6f-0022480b6a3f}" />
      </MissingDependency>
    </MissingDependencies>
  </SolutionManifest>
</ImportExportXml>