{"name":"e650c6fa-ea11-4676-bce3-3792bc439787","id":"/providers/Microsoft.Flow/flows/e650c6fa-ea11-4676-bce3-3792bc439787","type":"Microsoft.Flow/flows","properties":{"apiId":"/providers/Microsoft.PowerApps/apis/shared_logicflows","displayName":"SelfService_GroupManager","definition":{"metadata":{"workflowEntityId":null,"processAdvisorMetadata":null,"flowclientsuspensionreason":"None","flowclientsuspensiontime":null,"creator":{"id":"90f43eac-70c3-4aa7-bcca-7ee3522b3845","type":"User","tenantId":"6de564db-087d-4859-a47b-94fa2b68b3a7"},"provisioningMethod":"FromDefinition","failureAlertSubscription":true,"clientLastModifiedTime":"2022-01-10T19:35:12.8582592Z"},"$schema":"https://schema.management.azure.com/providers/Microsoft.Logic/schemas/2016-06-01/workflowdefinition.json#","contentVersion":"1.0.0.0","parameters":{"$authentication":{"defaultValue":{},"type":"SecureObject"}},"triggers":{"manual":{"metadata":{"operationMetadataId":"b33b66f2-3fd9-48ae-8810-35a69c7c7c3c"},"type":"Request","kind":"PowerApp","inputs":{"schema":{"type":"object","properties":{"actionID_Value":{"type":"string","description":"Enter initial value","x-ms-powerflows-param-ispartial":false},"groupID_Value":{"type":"string","description":"Enter initial value","x-ms-powerflows-param-ispartial":false},"userID_Value":{"type":"string","description":"Enter initial value","x-ms-powerflows-param-ispartial":false}},"required":["actionID_Value","groupID_Value","userID_Value"]}}}},"actions":{"userID":{"runAfter":{"Secret":["Succeeded"]},"metadata":{"operationMetadataId":"adfbc568-bfda-4784-96c3-4c496df19539"},"type":"InitializeVariable","inputs":{"variables":[{"name":"userID","type":"string","value":"@{triggerBody()['userID_Value']}"}]}},"groupID":{"runAfter":{"userID":["Succeeded"]},"metadata":{"operationMetadataId":"6f7c41e4-973e-445c-addf-5d288897ea85"},"type":"InitializeVariable","inputs":{"variables":[{"name":"groupID","type":"string","value":"@{triggerBody()['groupID_Value']}"}]}},"actionID":{"runAfter":{"groupID":["Succeeded"]},"metadata":{"operationMetadataId":"bebfade5-b188-4a5e-b893-2acebe87a7e1"},"type":"InitializeVariable","inputs":{"variables":[{"name":"actionID","type":"string","value":"@{triggerBody()['actionID_Value']}"}]}},"Switch":{"runAfter":{"Parse_Group_Details":["Succeeded"]},"cases":{"Add_user_to_Group":{"case":"add","actions":{"Graph_API_-_Add_user_to_group":{"runAfter":{},"type":"Http","inputs":{"method":"POST","uri":"https://graph.microsoft.com/v1.0/groups/@{triggerBody()['groupID_Value']}/members/$ref","body":{"@@odata.id":"https://graph.microsoft.com/v1.0/directoryObjects/@{triggerBody()['userID_Value']}"},"authentication":{"type":"ActiveDirectoryOAuth","tenant":"@variables('tenantID')","audience":"https://graph.microsoft.com","clientId":"@variables('clientID')","secret":"@variables('Secret')"}}},"Do_until_-_add":{"actions":{"Check_if_user_is_added_to_the_group":{"actions":{"Update_variable_-_Success_-_Add":{"runAfter":{},"type":"SetVariable","inputs":{"name":"Response","value":"@{body('Parse_User_Details')?['displayName']} added to group @{body('Parse_Group_Details')?['displayName']}"}}},"runAfter":{"Set_variable_CurrentGroups":["Succeeded"]},"else":{"actions":{"Delay_-_add":{"runAfter":{},"type":"Wait","inputs":{"interval":{"count":5,"unit":"Second"}}}}},"expression":{"contains":["@variables('CurrentGroups')","@variables('groupID')"]},"type":"If"},"Set_variable_CurrentGroups":{"runAfter":{"Parse_JSON_-_add":["Succeeded"]},"type":"SetVariable","inputs":{"name":"CurrentGroups","value":"@{body('Parse_JSON_-_add')?['value']}"}},"Fetch_Group_Membership_-_add":{"runAfter":{},"type":"Http","inputs":{"method":"POST","uri":"https://graph.microsoft.com/v1.0/users/@{triggerBody()['userID_Value']}/checkMemberGroups","body":"@variables('groupIDs')","authentication":{"type":"ActiveDirectoryOAuth","tenant":"@variables('tenantID')","audience":"https://graph.microsoft.com","clientId":"@variables('clientID')","secret":"@variables('Secret')"}}},"Parse_JSON_-_add":{"runAfter":{"Fetch_Group_Membership_-_add":["Succeeded"]},"type":"ParseJson","inputs":{"content":"@body('Fetch_Group_Membership_-_add')","schema":{"type":"object","properties":{"@@odata.context":{"type":"string"},"value":{"type":"array","items":{"type":"string"}}}}}}},"runAfter":{"Graph_API_-_Add_user_to_group":["Succeeded"]},"expression":"@contains(variables('CurrentGroups'), variables('groupID'))","limit":{"count":6,"timeout":"PT1H"},"type":"Until"}}},"Remove_user_from_group":{"case":"remove","actions":{"Graph_API_-_Remove_user_from_group":{"runAfter":{},"type":"Http","inputs":{"method":"DELETE","uri":"https://graph.microsoft.com/v1.0/groups/@{triggerBody()['groupID_Value']}/members/@{triggerBody()['userID_Value']}/$ref","authentication":{"type":"ActiveDirectoryOAuth","tenant":"@variables('tenantID')","audience":"https://graph.microsoft.com","clientId":"@variables('clientID')","secret":"@variables('Secret')"}}},"Do_until_-_remove":{"actions":{"Fetch_Group_Membership_-_remove":{"runAfter":{},"type":"Http","inputs":{"method":"POST","uri":"https://graph.microsoft.com/v1.0/users/@{triggerBody()['userID_Value']}/checkMemberGroups","body":"@variables('groupIDs')","authentication":{"type":"ActiveDirectoryOAuth","tenant":"@variables('tenantID')","audience":"https://graph.microsoft.com","clientId":"@variables('clientID')","secret":"@variables('Secret')"}}},"Parse_JSON_-_remove":{"runAfter":{"Fetch_Group_Membership_-_remove":["Succeeded"]},"type":"ParseJson","inputs":{"content":"@body('Fetch_Group_Membership_-_remove')","schema":{"type":"object","properties":{"@@odata.context":{"type":"string"},"value":{"type":"array","items":{"type":"string"}}}}}},"Set_variable_CurrentGroups_-_remove":{"runAfter":{"Parse_JSON_-_remove":["Succeeded"]},"type":"SetVariable","inputs":{"name":"CurrentGroups","value":"@{body('Parse_JSON_-_remove')?['value']}"}},"Check_if_user_is_deleted_from_the_group":{"actions":{"Update_variable_-_Remove_-_Success":{"runAfter":{},"type":"SetVariable","inputs":{"name":"Response","value":"@{body('Parse_User_Details')?['displayName']} removed from group @{body('Parse_Group_Details')?['displayName']}"}}},"runAfter":{"Set_variable_CurrentGroups_-_remove":["Succeeded"]},"else":{"actions":{"Delay_-_remove":{"runAfter":{},"type":"Wait","inputs":{"interval":{"count":5,"unit":"Second"}}}}},"expression":{"not":{"contains":["@variables('CurrentGroups')","@variables('groupID')"]}},"type":"If"}},"runAfter":{"Graph_API_-_Remove_user_from_group":["Succeeded"]},"expression":"@not(contains(variables('CurrentGroups'), variables('groupID')))","limit":{"count":6,"timeout":"PT1H"},"type":"Until"}}},"Fetch_group_membership":{"case":"fetch","actions":{"Check_Group_Membership":{"runAfter":{},"type":"Http","inputs":{"method":"POST","uri":"https://graph.microsoft.com/v1.0/users/@{triggerBody()['userID_Value']}/checkMemberGroups","body":"@variables('groupIDs')","authentication":{"type":"ActiveDirectoryOAuth","tenant":"@variables('tenantID')","audience":"https://graph.microsoft.com","clientId":"@variables('clientID')","secret":"@variables('Secret')"}}},"Parse_JSON":{"runAfter":{"Check_Group_Membership":["Succeeded"]},"type":"ParseJson","inputs":{"content":"@body('Check_Group_Membership')","schema":{"type":"object","properties":{"@@odata.context":{"type":"string"},"value":{"type":"array","items":{"type":"string"}}}}}},"Join":{"runAfter":{"Parse_JSON":["Succeeded"]},"type":"Join","inputs":{"from":"@body('Parse_JSON')?['value']","joinWith":";"}},"Update_response_for_PowerApps":{"runAfter":{"Join":["Succeeded"]},"type":"SetVariable","inputs":{"name":"Response","value":"@body('Join')"}}}}},"default":{"actions":{}},"expression":"@triggerBody()['actionID_Value']","metadata":{"operationMetadataId":"d97d290e-5ba0-42e3-b884-5066770d5b8d"},"type":"Switch"},"Respond_to_a_PowerApp_or_flow":{"runAfter":{"Switch":["Succeeded"]},"metadata":{"operationMetadataId":"04291f90-a2fb-46c8-a9e8-0fe4a09bf965"},"type":"Response","kind":"PowerApp","inputs":{"statusCode":200,"body":{"response":"@variables('Response')"},"schema":{"type":"object","properties":{"response":{"title":"Response","x-ms-dynamically-added":true,"type":"string"}}}}},"Response":{"runAfter":{"actionID":["Succeeded"]},"metadata":{"operationMetadataId":"af41ce47-2733-4c92-b775-f9471c25ea97"},"type":"InitializeVariable","inputs":{"variables":[{"name":"Response","type":"string"}]}},"Get_User_Details":{"runAfter":{"CurrentGroups":["Succeeded"]},"metadata":{"operationMetadataId":"a70adaea-2a08-40d4-a7d0-483b0ff89f5b"},"type":"Http","inputs":{"method":"GET","uri":"https://graph.microsoft.com/v1.0/users/@{triggerBody()['userID_Value']}","authentication":{"type":"ActiveDirectoryOAuth","tenant":"@variables('tenantID')","audience":"https://graph.microsoft.com","clientId":"@variables('clientID')","secret":"@variables('Secret')"}}},"Parse_User_Details":{"runAfter":{"Get_User_Details":["Succeeded"]},"metadata":{"operationMetadataId":"48cb0262-d38f-4d3e-9af0-90f0ab586a6b"},"type":"ParseJson","inputs":{"content":"@body('Get_User_Details')","schema":{"displayName":{"type":"string"},"givenName":{"type":"string"},"mail":{"type":"string"},"surname":{"type":"string"},"userPrincipalName":{"type":"string"}}}},"Get_Group_Details":{"runAfter":{"Parse_User_Details":["Succeeded"]},"metadata":{"operationMetadataId":"4e83040c-f875-454f-8d12-7ca7b4539313"},"type":"Http","inputs":{"method":"GET","uri":"https://graph.microsoft.com/v1.0/groups/@{triggerBody()['groupID_Value']}","authentication":{"type":"ActiveDirectoryOAuth","tenant":"@variables('tenantID')","audience":"https://graph.microsoft.com","clientId":"@variables('clientID')","secret":"@variables('Secret')"}}},"Parse_Group_Details":{"runAfter":{"Get_Group_Details":["Succeeded"]},"metadata":{"operationMetadataId":"1592e523-67d4-4894-845a-a770c9549a53"},"type":"ParseJson","inputs":{"content":"@body('Get_Group_Details')","schema":{"type":"object","properties":{"@@odata.context":{"type":"string"},"id":{"type":"string"},"deletedDateTime":{},"classification":{},"createdDateTime":{"type":"string"},"creationOptions":{"type":"array"},"description":{},"displayName":{"type":"string"},"expirationDateTime":{},"groupTypes":{"type":"array"},"isAssignableToRole":{},"mail":{},"mailEnabled":{"type":"boolean"},"mailNickname":{"type":"string"},"membershipRule":{},"membershipRuleProcessingState":{},"onPremisesDomainName":{},"onPremisesLastSyncDateTime":{},"onPremisesNetBiosName":{},"onPremisesSamAccountName":{},"onPremisesSecurityIdentifier":{},"onPremisesSyncEnabled":{},"preferredDataLocation":{},"preferredLanguage":{},"proxyAddresses":{"type":"array"},"renewedDateTime":{"type":"string"},"resourceBehaviorOptions":{"type":"array"},"resourceProvisioningOptions":{"type":"array"},"securityEnabled":{"type":"boolean"},"securityIdentifier":{"type":"string"},"theme":{},"visibility":{},"onPremisesProvisioningErrors":{"type":"array"}}}}},"tenantID":{"runAfter":{"groupIDs":["Succeeded"]},"metadata":{"operationMetadataId":"60274ad7-4d2f-491e-a2c2-96e471d4360a"},"type":"InitializeVariable","inputs":{"variables":[{"name":"tenantID","type":"string","value":"<ENTER TENANT ID>"}]}},"clientID":{"runAfter":{"tenantID":["Succeeded"]},"metadata":{"operationMetadataId":"198742f9-841e-4403-a77d-4c73093b8428"},"type":"InitializeVariable","inputs":{"variables":[{"name":"clientID","type":"string","value":"<ENTER CLIENT ID>"}]}},"Secret":{"runAfter":{"clientID":["Succeeded"]},"metadata":{"operationMetadataId":"70df7a93-8734-4224-a156-959d11247527"},"type":"InitializeVariable","inputs":{"variables":[{"name":"Secret","type":"string","value":"<ENTER SECRET>"}]}},"groupIDs":{"runAfter":{},"metadata":{"operationMetadataId":"2ca88663-790f-4de0-a58a-124d648998eb"},"type":"InitializeVariable","inputs":{"variables":[{"name":"groupIDs","type":"object","value":{"groupIds":["a05cfd9f-eb7b-47f8-bce0-8ace5ab9e262","45085193-6e75-4ac6-9981-1bbfac14856c","1808807e-6673-432a-877b-4b9ff026c38e","7ae9810e-5948-4aed-81cc-62f9ccc4d562","3445c474-91cc-4d20-bbc0-175843e89b35","c494c19e-e1a7-421f-8dd7-8e16b024af1e","478a9984-d246-4ace-aa98-a8c5b34600ee","ce562d36-4f93-4e3a-893f-dfe3ecc477ef","f25f282f-4bd4-49a5-bb8e-326828d065a9","cf348d4f-47c8-4d5b-b4db-f841ff2c79d5","d89d68b6-bd47-4df7-9f5d-3a177f75117a","154db857-3960-443e-81d8-a25466a9463b"]}}]}},"CurrentGroups":{"runAfter":{"Response":["Succeeded"]},"metadata":{"operationMetadataId":"1a3ef3c6-0e34-465a-9274-5908be63090c"},"type":"InitializeVariable","inputs":{"variables":[{"name":"CurrentGroups","type":"string"}]}}}},"connectionReferences":{},"flowFailureAlertSubscribed":false}}