{
  "properties": {
    "connectionReferences": {
      "shared_approvals": {
        "runtimeSource": "invoker",
        "connection": {
          "connectionReferenceLogicalName": "msft_sharedapprovals_08058"
        },
        "api": {
          "name": "shared_approvals"
        }
      },
      "shared_sharepointonline": {
        "runtimeSource": "invoker",
        "connection": {
          "connectionReferenceLogicalName": "msft_sharedsharepointonline_4f9a6"
        },
        "api": {
          "name": "shared_sharepointonline"
        }
      }
    },
    "definition": {
      "$schema": "https://schema.management.azure.com/providers/Microsoft.Logic/schemas/2016-06-01/workflowdefinition.json#",
      "contentVersion": "1.0.0.0",
      "parameters": {
        "$connections": {
          "defaultValue": {},
          "type": "Object"
        },
        "$authentication": {
          "defaultValue": {},
          "type": "SecureObject"
        },
        "varIncidentsAppID (msft_varIncidentsAppID)": {
          "defaultValue": "4c12fbc6-5a93-4ee4-b5fb-b4058734a100",
          "type": "String",
          "metadata": {
            "schemaName": "msft_varIncidentsAppID"
          }
        },
        "varIncidentsSharePointSiteURL (msft_varIncidentsSharePointSiteURL)": {
          "defaultValue": "https://marcuscastro.sharepoint.com/sites/Incidents",
          "type": "String",
          "metadata": {
            "schemaName": "msft_varIncidentsSharePointSiteURL"
          }
        },
        "varIncidentsListConnection (msft_varIncidentsListConnection)": {
          "defaultValue": "5f15347d-17e2-4a99-b495-2e6fb3bf788c",
          "type": "String",
          "metadata": {
            "schemaName": "msft_varIncidentsListConnection"
          }
        },
        "varIncidentCategoriesListConnection (msft_varIncidentCategoriesListConnection)": {
          "defaultValue": "7a696e02-bc44-4077-8cc1-304651927967",
          "type": "String",
          "metadata": {
            "schemaName": "msft_varIncidentCategoriesListConnection"
          }
        }
      },
      "triggers": {
        "manual": {
          "metadata": {
            "operationMetadataId": "cb847e59-d93a-4ecc-a558-8b60bd59c481"
          },
          "type": "Request",
          "kind": "PowerAppV2",
          "inputs": {
            "schema": {
              "type": "object",
              "properties": {
                "number": {
                  "title": "IncidentID",
                  "type": "number",
                  "x-ms-dynamically-added": true,
                  "description": "Please enter a number",
                  "x-ms-content-hint": "NUMBER"
                },
                "text": {
                  "title": "RequestingUserEmail",
                  "type": "string",
                  "x-ms-dynamically-added": true,
                  "description": "Please enter your input",
                  "x-ms-content-hint": "TEXT"
                },
                "text_1": {
                  "title": "Justification",
                  "type": "string",
                  "x-ms-dynamically-added": true,
                  "description": "Please enter your input",
                  "x-ms-content-hint": "TEXT"
                }
              },
              "required": [
                "number",
                "text",
                "text_1"
              ]
            }
          }
        }
      },
      "actions": {
        "Start_and_wait_for_an_approval": {
          "runAfter": {
            "Initialize_variable_-_varDeepLinkPersonalApp": [
              "Succeeded"
            ]
          },
          "metadata": {
            "operationMetadataId": "898100ca-c071-4211-91b0-f5f2d174397c"
          },
          "type": "OpenApiConnectionWebhook",
          "inputs": {
            "host": {
              "connectionName": "shared_approvals",
              "operationId": "StartAndWaitForAnApproval",
              "apiId": "/providers/Microsoft.PowerApps/apis/shared_approvals"
            },
            "parameters": {
              "approvalType": "Basic",
              "WebhookApprovalCreationInput/title": "User is asking to delete an Incident",
              "WebhookApprovalCreationInput/assignedTo": "@{outputs('Get_item_-_Incident_Category')?['body/ResolutionAuthority/Email']};",
              "WebhookApprovalCreationInput/details": "### Incident Details\n\nTitle: @{outputs('Get_item_-_Incident')?['body/Title']}\nCategory: @{outputs('Get_item_-_Incident')?['body/Category/Value']}\nDate: @{outputs('Get_item_-_Incident')?['body/Date']}\nSeverity: @{outputs('Get_item_-_Incident')?['body/Severity/Value']}\nAssigned To: @{outputs('Get_item_-_Incident')?['body/AssignedTo/DisplayName']}\n\nDescription: \n\n@{outputs('Get_item_-_Incident')?['body/Description']}\n\n### Justification\n@{triggerBody()['text_1']}\n\n",
              "WebhookApprovalCreationInput/itemLink": "@variables('varDeepLinkPersonalApp')",
              "WebhookApprovalCreationInput/itemLinkDescription": "Open Incident",
              "WebhookApprovalCreationInput/requestor": "@{triggerBody()['text']};",
              "WebhookApprovalCreationInput/enableNotifications": true,
              "WebhookApprovalCreationInput/enableReassignment": true
            },
            "authentication": "@parameters('$authentication')"
          }
        },
        "Get_item_-_Incident": {
          "runAfter": {},
          "metadata": {
            "operationMetadataId": "3522413d-8c76-468f-a283-e14d438ab6aa"
          },
          "type": "OpenApiConnection",
          "inputs": {
            "host": {
              "connectionName": "shared_sharepointonline",
              "operationId": "GetItem",
              "apiId": "/providers/Microsoft.PowerApps/apis/shared_sharepointonline"
            },
            "parameters": {
              "dataset": "@parameters('varIncidentsSharePointSiteURL (msft_varIncidentsSharePointSiteURL)')",
              "table": "@parameters('varIncidentsListConnection (msft_varIncidentsListConnection)')",
              "id": "@triggerBody()['number']"
            },
            "authentication": "@parameters('$authentication')"
          }
        },
        "Get_item_-_Incident_Category": {
          "runAfter": {
            "Get_item_-_Incident": [
              "Succeeded"
            ]
          },
          "metadata": {
            "operationMetadataId": "f15d1245-626c-4b5d-8161-c54a84b04fc4"
          },
          "type": "OpenApiConnection",
          "inputs": {
            "host": {
              "connectionName": "shared_sharepointonline",
              "operationId": "GetItem",
              "apiId": "/providers/Microsoft.PowerApps/apis/shared_sharepointonline"
            },
            "parameters": {
              "dataset": "@parameters('varIncidentsSharePointSiteURL (msft_varIncidentsSharePointSiteURL)')",
              "table": "@parameters('varIncidentCategoriesListConnection (msft_varIncidentCategoriesListConnection)')",
              "id": "@outputs('Get_item_-_Incident')?['body/Category/Id']"
            },
            "authentication": "@parameters('$authentication')"
          }
        },
        "Condition": {
          "actions": {
            "Delete_item": {
              "runAfter": {},
              "metadata": {
                "operationMetadataId": "52360694-12cb-4822-a0e5-8d69e6093e98"
              },
              "type": "OpenApiConnection",
              "inputs": {
                "host": {
                  "connectionName": "shared_sharepointonline",
                  "operationId": "DeleteItem",
                  "apiId": "/providers/Microsoft.PowerApps/apis/shared_sharepointonline"
                },
                "parameters": {
                  "dataset": "@parameters('varIncidentsSharePointSiteURL (msft_varIncidentsSharePointSiteURL)')",
                  "table": "@parameters('varIncidentsListConnection (msft_varIncidentsListConnection)')",
                  "id": "@triggerBody()['number']"
                },
                "authentication": "@parameters('$authentication')"
              }
            }
          },
          "runAfter": {
            "Start_and_wait_for_an_approval": [
              "Succeeded"
            ]
          },
          "expression": {
            "equals": [
              "@outputs('Start_and_wait_for_an_approval')?['body/outcome']",
              "Approve"
            ]
          },
          "metadata": {
            "operationMetadataId": "d5d68d44-d034-4e1a-a16e-c989965e2369"
          },
          "type": "If"
        },
        "Initialize_variable_-_varDeepLinkPersonalApp": {
          "runAfter": {
            "Get_item_-_Incident_Category": [
              "Succeeded"
            ]
          },
          "metadata": {
            "operationMetadataId": "f5dbf628-b21d-4326-9f94-ee2dc28b5aa8"
          },
          "type": "InitializeVariable",
          "inputs": {
            "variables": [
              {
                "name": "varDeepLinkPersonalApp",
                "type": "string",
                "value": "https://teams.microsoft.com/l/entity/@{parameters('varIncidentsAppID (msft_varIncidentsAppID)')}/@{parameters('varIncidentsAppID (msft_varIncidentsAppID)')}?context=%7B%22subEntityId%22%3A%22@{triggerBody()['number']}%22%7D"
              }
            ]
          }
        }
      }
    },
    "templateName": ""
  },
  "schemaVersion": "1.0.0.0"
}