{
  "properties": {
    "connectionReferences": {
      "shared_sharepointonline": {
        "runtimeSource": "invoker",
        "connection": {
          "connectionReferenceLogicalName": "msft_sharedsharepointonline_4f9a6"
        },
        "api": {
          "name": "shared_sharepointonline"
        }
      },
      "shared_teams": {
        "runtimeSource": "invoker",
        "connection": {
          "connectionReferenceLogicalName": "msft_sharedteams_48a4d"
        },
        "api": {
          "name": "shared_teams"
        }
      }
    },
    "definition": {
      "$schema": "https://schema.management.azure.com/providers/Microsoft.Logic/schemas/2016-06-01/workflowdefinition.json#",
      "contentVersion": "1.0.0.0",
      "parameters": {
        "$connections": {
          "defaultValue": {},
          "type": "Object"
        },
        "$authentication": {
          "defaultValue": {},
          "type": "SecureObject"
        },
        "varIncidentsAppID (msft_varIncidentsAppID)": {
          "defaultValue": "4c12fbc6-5a93-4ee4-b5fb-b4058734a100",
          "type": "String",
          "metadata": {
            "schemaName": "msft_varIncidentsAppID"
          }
        },
        "varIncidentsSharePointSiteURL (msft_varIncidentsSharePointSiteURL)": {
          "defaultValue": "https://marcuscastro.sharepoint.com/sites/Incidents",
          "type": "String",
          "metadata": {
            "schemaName": "msft_varIncidentsSharePointSiteURL"
          }
        },
        "varIncidentsListConnection (msft_varIncidentsListConnection)": {
          "defaultValue": "5f15347d-17e2-4a99-b495-2e6fb3bf788c",
          "type": "String",
          "metadata": {
            "schemaName": "msft_varIncidentsListConnection"
          }
        }
      },
      "triggers": {
        "manual": {
          "metadata": {
            "operationMetadataId": "c1f4211f-71a2-4f9e-824c-35c8023e6f0b"
          },
          "type": "Request",
          "kind": "PowerApp",
          "inputs": {
            "schema": {
              "type": "object",
              "properties": {
                "Getitem_Id": {
                  "type": "integer",
                  "format": "int64",
                  "description": "Unique identifier of item to be retrieved",
                  "x-ms-powerflows-param-ispartial": false
                },
                "InitializeChannelID_Value": {
                  "type": "string",
                  "description": "Enter initial value",
                  "x-ms-powerflows-param-ispartial": false
                },
                "InitializeTeamID_Value": {
                  "type": "string",
                  "description": "Enter initial value",
                  "x-ms-powerflows-param-ispartial": false
                },
                "InitializePersonEmail_Value": {
                  "type": "string",
                  "description": "Enter initial value",
                  "x-ms-powerflows-param-ispartial": false
                }
              },
              "required": [
                "Getitem_Id",
                "InitializeChannelID_Value",
                "InitializeTeamID_Value",
                "InitializePersonEmail_Value"
              ]
            }
          }
        }
      },
      "actions": {
        "Get_item_-_Incident": {
          "runAfter": {},
          "metadata": {
            "operationMetadataId": "3f07e314-12a8-47a7-a2a9-dd28602b7862"
          },
          "type": "OpenApiConnection",
          "inputs": {
            "host": {
              "connectionName": "shared_sharepointonline",
              "operationId": "GetItem",
              "apiId": "/providers/Microsoft.PowerApps/apis/shared_sharepointonline"
            },
            "parameters": {
              "dataset": "@parameters('varIncidentsSharePointSiteURL (msft_varIncidentsSharePointSiteURL)')",
              "table": "@parameters('varIncidentsListConnection (msft_varIncidentsListConnection)')",
              "id": "@triggerBody()['Getitem_Id']"
            },
            "authentication": {
              "type": "Raw",
              "value": "@json(decodeBase64(triggerOutputs().headers['X-MS-APIM-Tokens']))['$ConnectionKey']"
            }
          }
        },
        "Initialize_Channel_ID": {
          "runAfter": {
            "Initialize_Team_ID": [
              "Succeeded"
            ]
          },
          "metadata": {
            "operationMetadataId": "865a0fdc-f521-414c-a828-1c5f3c275154"
          },
          "type": "InitializeVariable",
          "inputs": {
            "variables": [
              {
                "name": "ChannelID",
                "type": "string",
                "value": "@{triggerBody()['InitializeChannelID_Value']}"
              }
            ]
          }
        },
        "Initialize_Team_ID": {
          "runAfter": {
            "Initialize_Person_Email": [
              "Succeeded"
            ]
          },
          "metadata": {
            "operationMetadataId": "e74a96bc-0612-4175-8620-16d4c7d983e6"
          },
          "type": "InitializeVariable",
          "inputs": {
            "variables": [
              {
                "name": "TeamID",
                "type": "string",
                "value": "@triggerBody()['InitializeTeamID_Value']"
              }
            ]
          }
        },
        "Initialize_varDeepLinkPersonalApp": {
          "runAfter": {
            "Initialize_Channel_ID": [
              "Succeeded"
            ]
          },
          "metadata": {
            "operationMetadataId": "6cd8e69f-4531-424d-8f08-480c3de6ba34"
          },
          "type": "InitializeVariable",
          "inputs": {
            "variables": [
              {
                "name": "varDeepLinkPersonalApp",
                "type": "string",
                "value": "https://teams.microsoft.com/l/entity/@{parameters('varIncidentsAppID (msft_varIncidentsAppID)')}/@{parameters('varIncidentsAppID (msft_varIncidentsAppID)')}?context=%7B%22subEntityId%22%3A%22@{outputs('Get_item_-_Incident')?['body/ID']}%22%7D"
              }
            ]
          }
        },
        "Initialize_Person_Email": {
          "runAfter": {
            "Get_item_-_Incident": [
              "Succeeded"
            ]
          },
          "metadata": {
            "operationMetadataId": "c4548c87-72e2-473d-83f3-813730434b34"
          },
          "type": "InitializeVariable",
          "inputs": {
            "variables": [
              {
                "name": "varPersonEmail",
                "type": "string",
                "value": "@{triggerBody()['InitializePersonEmail_Value']}"
              }
            ]
          }
        },
        "If_we_need_to_Share_in_a_Chat": {
          "actions": {
            "Post_card_in_chat": {
              "runAfter": {},
              "metadata": {
                "operationMetadataId": "b6cc7569-f46d-42bb-9ebc-3821ade04620"
              },
              "type": "OpenApiConnection",
              "inputs": {
                "host": {
                  "connectionName": "shared_teams",
                  "operationId": "PostCardToConversation",
                  "apiId": "/providers/Microsoft.PowerApps/apis/shared_teams"
                },
                "parameters": {
                  "poster": "Flow bot",
                  "location": "Chat with Flow bot",
                  "body/recipient": "@{variables('varPersonEmail')};",
                  "body/messageBody": "{\n    \"type\": \"AdaptiveCard\",\n    \"body\": [\n        {\n            \"type\": \"ColumnSet\",\n            \"columns\": [\n                {\n                    \"type\": \"Column\",\n                    \"width\": \"auto\",\n                    \"items\": [\n                        {\n                            \"type\": \"TextBlock\",\n                            \"size\": \"Large\",\n                            \"weight\": \"Bolder\",\n                            \"text\": \"@{outputs('Get_item_-_Incident')?['body/Title']}\",\n                            \"wrap\": true,\n                            \"style\": \"heading\"\n                        },\n                        {\n                            \"type\": \"TextBlock\",\n                            \"spacing\": \"None\",\n                            \"text\": \"@{outputs('Get_item_-_Incident')?['body/Date']}\",\n                            \"isSubtle\": true,\n                            \"wrap\": true,\n                            \"size\": \"Small\"\n                        }\n                    ]\n                },\n                {\n                    \"type\": \"Column\",\n                    \"width\": \"stretch\",\n                    \"items\": [\n                        {\n                            \"type\": \"TextBlock\",\n                            \"text\": \"@{outputs('Get_item_-_Incident')?['body/Status/Value']}\",\n                            \"horizontalAlignment\": \"Right\",\n                            \"spacing\": \"None\",\n                            \"size\": \"Large\",\n                            \"color\": \"Attention\",\n                            \"wrap\": true\n                        }\n                    ]\n                }\n            ]\n        },\n        {\n            \"type\": \"TextBlock\",\n            \"text\": \"@{outputs('Get_item_-_Incident')?['body/Description']}\",\n            \"wrap\": true\n        },\n        {\n            \"type\": \"FactSet\",\n            \"facts\": [\n                {\n                    \"title\": \"Category:\",\n                    \"value\": \"@{outputs('Get_item_-_Incident')?['body/Category/Value']}\"\n                },\n                {\n                    \"title\": \"Assigned to:\",\n                    \"value\": \"@{outputs('Get_item_-_Incident')?['body/AssignedTo/DisplayName']}\"\n                },\n                {\n                    \"title\": \"Shared by:\",\n                    \"value\": \"@{triggerOutputs()['Headers']['x-ms-user-name']}\"\n                }\n            ]\n        }\n    ],\n    \"actions\": [\n        {\n            \"type\": \"Action.Submit\",\n            \"title\": \"Assign to Me\",\n            \"data\": {\n                \"IncidentID\": \"@{outputs('Get_item_-_Incident')?['body/ID']}\",\n\"IncidentURL\":\"@{variables('varDeepLinkPersonalApp')}\"\n            }\n        },\n        {\n            \"type\": \"Action.OpenUrl\",\n            \"title\": \"View Details\",\n            \"url\": \"@{variables('varDeepLinkPersonalApp')}\"\n        },\n        {\n            \"type\": \"Action.OpenUrl\",\n            \"title\": \"Chat with @{triggerOutputs()['Headers']['x-ms-user-name']}\",\n            \"url\": \"https://teams.microsoft.com/l/chat/0/0?users=@{triggerOutputs()['Headers']['x-ms-user-email']}\"\n        }\n    ],\n    \"$schema\": \"http://adaptivecards.io/schemas/adaptive-card.json\",\n    \"version\": \"1.4\"\n}",
                  "body/cardTypeId": "msft_ac_shareincident"
                },
                "authentication": {
                  "type": "Raw",
                  "value": "@json(decodeBase64(triggerOutputs().headers['X-MS-APIM-Tokens']))['$ConnectionKey']"
                }
              }
            }
          },
          "runAfter": {
            "Initialize_varDeepLinkPersonalApp": [
              "Succeeded"
            ]
          },
          "else": {
            "actions": {
              "Share_in_a_channel": {
                "actions": {
                  "Post_adaptive_card_in_a_chat_or_channel_-_Assign_Option": {
                    "runAfter": {},
                    "metadata": {
                      "operationMetadataId": "47ff49ac-18e2-4942-9871-fea283b5e506"
                    },
                    "type": "OpenApiConnection",
                    "inputs": {
                      "host": {
                        "connectionName": "shared_teams",
                        "operationId": "PostCardToConversation",
                        "apiId": "/providers/Microsoft.PowerApps/apis/shared_teams"
                      },
                      "parameters": {
                        "poster": "Flow bot",
                        "location": "Channel",
                        "body/recipient/groupId": "@variables('TeamID')",
                        "body/recipient/channelId": "@variables('ChannelID')",
                        "body/messageBody": "{\n    \"type\": \"AdaptiveCard\",\n    \"body\": [\n        {\n            \"type\": \"ColumnSet\",\n            \"columns\": [\n                {\n                    \"type\": \"Column\",\n                    \"width\": \"auto\",\n                    \"items\": [\n                        {\n                            \"type\": \"TextBlock\",\n                            \"size\": \"Large\",\n                            \"weight\": \"Bolder\",\n                            \"text\": \"@{outputs('Get_item_-_Incident')?['body/Title']}\",\n                            \"wrap\": true,\n                            \"style\": \"heading\"\n                        },\n                        {\n                            \"type\": \"TextBlock\",\n                            \"spacing\": \"None\",\n                            \"text\": \"@{outputs('Get_item_-_Incident')?['body/Date']}\",\n                            \"isSubtle\": true,\n                            \"wrap\": true,\n                            \"size\": \"Small\"\n                        }\n                    ]\n                },\n                {\n                    \"type\": \"Column\",\n                    \"width\": \"stretch\",\n                    \"items\": [\n                        {\n                            \"type\": \"TextBlock\",\n                            \"text\": \"@{outputs('Get_item_-_Incident')?['body/Status/Value']}\",\n                            \"horizontalAlignment\": \"Right\",\n                            \"spacing\": \"None\",\n                            \"size\": \"Large\",\n                            \"color\": \"Attention\",\n                            \"wrap\": true\n                        }\n                    ]\n                }\n            ]\n        },\n        {\n            \"type\": \"TextBlock\",\n            \"text\": \"@{outputs('Get_item_-_Incident')?['body/Description']}\",\n            \"wrap\": true\n        },\n        {\n            \"type\": \"FactSet\",\n            \"facts\": [\n                {\n                    \"title\": \"Category:\",\n                    \"value\": \"@{outputs('Get_item_-_Incident')?['body/Category/Value']}\"\n                },\n                {\n                    \"title\": \"Assigned to:\",\n                    \"value\": \"@{outputs('Get_item_-_Incident')?['body/AssignedTo/DisplayName']}\"\n                }\n            ]\n        }\n    ],\n    \"actions\": [\n        {\n            \"type\": \"Action.Submit\",\n            \"title\": \"Assign to Me\",\n            \"data\": {\n                \"IncidentID\": \"@{outputs('Get_item_-_Incident')?['body/ID']}\",\n\"IncidentURL\":\"@{variables('varDeepLinkPersonalApp')}\"\n            }\n        },\n        {\n            \"type\": \"Action.OpenUrl\",\n            \"title\": \"View Details\",\n            \"url\": \"@{variables('varDeepLinkPersonalApp')}\"\n        }\n    ],\n    \"$schema\": \"http://adaptivecards.io/schemas/adaptive-card.json\",\n    \"version\": \"1.4\"\n}",
                        "body/cardTypeId": "msft_ac_shareincident"
                      },
                      "authentication": {
                        "type": "Raw",
                        "value": "@json(decodeBase64(triggerOutputs().headers['X-MS-APIM-Tokens']))['$ConnectionKey']"
                      }
                    }
                  }
                },
                "runAfter": {},
                "else": {
                  "actions": {
                    "Post_adaptive_card_in_a_chat_or_channel": {
                      "runAfter": {},
                      "metadata": {
                        "operationMetadataId": "7234d801-01ed-4266-912d-3a68472b348e"
                      },
                      "type": "OpenApiConnection",
                      "inputs": {
                        "host": {
                          "connectionName": "shared_teams",
                          "operationId": "PostCardToConversation",
                          "apiId": "/providers/Microsoft.PowerApps/apis/shared_teams"
                        },
                        "parameters": {
                          "poster": "Flow bot",
                          "location": "Channel",
                          "body/recipient/groupId": "@variables('TeamID')",
                          "body/recipient/channelId": "@variables('ChannelID')",
                          "body/messageBody": "{\n    \"type\": \"AdaptiveCard\",\n    \"body\": [\n        {\n            \"type\": \"ColumnSet\",\n            \"columns\": [\n                {\n                    \"type\": \"Column\",\n                    \"width\": \"auto\",\n                    \"items\": [\n                        {\n                            \"type\": \"TextBlock\",\n                            \"size\": \"Large\",\n                            \"weight\": \"Bolder\",\n                            \"text\": \"@{outputs('Get_item_-_Incident')?['body/Title']}\",\n                            \"wrap\": true,\n                            \"style\": \"heading\"\n                        },\n                        {\n                            \"type\": \"TextBlock\",\n                            \"spacing\": \"None\",\n                            \"text\": \"@{outputs('Get_item_-_Incident')?['body/Date']}\",\n                            \"isSubtle\": true,\n                            \"wrap\": true,\n                            \"size\": \"Small\"\n                        }\n                    ]\n                },\n                {\n                    \"type\": \"Column\",\n                    \"width\": \"stretch\",\n                    \"items\": [\n                        {\n                            \"type\": \"TextBlock\",\n                            \"text\": \"@{outputs('Get_item_-_Incident')?['body/Status/Value']}\",\n                            \"horizontalAlignment\": \"Right\",\n                            \"spacing\": \"None\",\n                            \"size\": \"Large\",\n                            \"color\": \"Attention\",\n                            \"wrap\": true\n                        }\n                    ]\n                }\n            ]\n        },\n        {\n            \"type\": \"TextBlock\",\n            \"text\": \"@{outputs('Get_item_-_Incident')?['body/Description']}\",\n            \"wrap\": true\n        },\n        {\n            \"type\": \"FactSet\",\n            \"facts\": [\n                {\n                    \"title\": \"Category:\",\n                    \"value\": \"@{outputs('Get_item_-_Incident')?['body/Category/Value']}\"\n                },\n                {\n                    \"title\": \"Assigned to:\",\n                    \"value\": \"@{outputs('Get_item_-_Incident')?['body/AssignedTo/DisplayName']}\"\n                }\n            ]\n        }\n    ],\n    \"actions\": [\n        {\n            \"type\": \"Action.OpenUrl\",\n            \"title\": \"View Details\",\n            \"url\": \"@{variables('varDeepLinkPersonalApp')}\"\n        }\n    ],\n    \"$schema\": \"http://adaptivecards.io/schemas/adaptive-card.json\",\n    \"version\": \"1.4\"\n}",
                          "body/cardTypeId": "msft_ac_shareincident"
                        },
                        "authentication": {
                          "type": "Raw",
                          "value": "@json(decodeBase64(triggerOutputs().headers['X-MS-APIM-Tokens']))['$ConnectionKey']"
                        }
                      }
                    }
                  }
                },
                "expression": {
                  "equals": [
                    "@outputs('Get_item_-_Incident')?['body/Status/Value']",
                    "Pending"
                  ]
                },
                "metadata": {
                  "operationMetadataId": "27c2ac8c-6377-4491-8fce-5534630ce05b"
                },
                "type": "If"
              }
            }
          },
          "expression": {
            "equals": [
              "@empty(variables('varPersonEmail'))",
              "@false"
            ]
          },
          "metadata": {
            "operationMetadataId": "81a56dbb-4e7b-487a-b275-52553ea35028"
          },
          "type": "If"
        }
      },
      "outputs": {}
    },
    "templateName": ""
  },
  "schemaVersion": "1.0.0.0"
}