{
  "properties": {
    "connectionReferences": {
      "shared_sharepointonline": {
        "runtimeSource": "embedded",
        "connection": {
          "connectionReferenceLogicalName": "msft_sharedsharepointonline_4f9a6"
        },
        "api": {
          "name": "shared_sharepointonline"
        }
      },
      "shared_teams": {
        "runtimeSource": "embedded",
        "connection": {
          "connectionReferenceLogicalName": "msft_sharedteams_48a4d"
        },
        "api": {
          "name": "shared_teams"
        }
      }
    },
    "definition": {
      "$schema": "https://schema.management.azure.com/providers/Microsoft.Logic/schemas/2016-06-01/workflowdefinition.json#",
      "contentVersion": "1.0.0.0",
      "parameters": {
        "$connections": {
          "defaultValue": {},
          "type": "Object"
        },
        "$authentication": {
          "defaultValue": {},
          "type": "SecureObject"
        },
        "varTenantID (msft_varTenantID)": {
          "defaultValue": "a1e1786e-9dad-456d-8c81-10b3714ac608",
          "type": "String",
          "metadata": {
            "schemaName": "msft_varTenantID",
            "description": "ID of the tenant"
          }
        },
        "varIncidentsSharePointSiteURL (msft_varIncidentsSharePointSiteURL)": {
          "defaultValue": "https://marcuscastro.sharepoint.com/sites/Incidents",
          "type": "String",
          "metadata": {
            "schemaName": "msft_varIncidentsSharePointSiteURL"
          }
        },
        "varIncidentsListConnection (msft_varIncidentsListConnection)": {
          "defaultValue": "5f15347d-17e2-4a99-b495-2e6fb3bf788c",
          "type": "String",
          "metadata": {
            "schemaName": "msft_varIncidentsListConnection"
          }
        },
        "varIncidentCategoriesListConnection (msft_varIncidentCategoriesListConnection)": {
          "defaultValue": "7a696e02-bc44-4077-8cc1-304651927967",
          "type": "String",
          "metadata": {
            "schemaName": "msft_varIncidentCategoriesListConnection"
          }
        }
      },
      "triggers": {
        "When_an_item_is_created": {
          "recurrence": {
            "interval": 1,
            "frequency": "Minute"
          },
          "splitOn": "@triggerOutputs()?['body/value']",
          "metadata": {
            "operationMetadataId": "9ed04c81-04f8-4018-823a-ae7fc5354078"
          },
          "type": "OpenApiConnection",
          "inputs": {
            "host": {
              "connectionName": "shared_sharepointonline",
              "operationId": "GetOnNewItems",
              "apiId": "/providers/Microsoft.PowerApps/apis/shared_sharepointonline"
            },
            "parameters": {
              "dataset": "@parameters('varIncidentsSharePointSiteURL (msft_varIncidentsSharePointSiteURL)')",
              "table": "@parameters('varIncidentsListConnection (msft_varIncidentsListConnection)')"
            },
            "authentication": "@parameters('$authentication')"
          }
        }
      },
      "actions": {
        "Get_item_-_Category": {
          "runAfter": {},
          "metadata": {
            "operationMetadataId": "dee7a722-fde4-4a07-b190-51cd9d961b31"
          },
          "type": "OpenApiConnection",
          "inputs": {
            "host": {
              "connectionName": "shared_sharepointonline",
              "operationId": "GetItem",
              "apiId": "/providers/Microsoft.PowerApps/apis/shared_sharepointonline"
            },
            "parameters": {
              "dataset": "@parameters('varIncidentsSharePointSiteURL (msft_varIncidentsSharePointSiteURL)')",
              "table": "@parameters('varIncidentCategoriesListConnection (msft_varIncidentCategoriesListConnection)')",
              "id": "@triggerOutputs()?['body/Category/Id']"
            },
            "authentication": "@parameters('$authentication')"
          }
        },
        "Initialize_variable_-_deeplinkURL": {
          "runAfter": {
            "Get_item_-_Category": [
              "Succeeded"
            ]
          },
          "metadata": {
            "operationMetadataId": "d24df922-f52a-4b06-8e8e-52d7ef68f81b"
          },
          "type": "InitializeVariable",
          "inputs": {
            "variables": [
              {
                "name": "deeplinkURL",
                "type": "string",
                "value": "https://teams.microsoft.com/l/entity/995fa72f-5c49-4476-b5b3-90f4cb218a61/_djb2_msteams_prefix_1197150958?context=%7B%22subEntityId%22:%22@{triggerOutputs()?['body/ID']}%22,%22channelId%22:%22@{outputs('Get_item_-_Category')?['body/ChannelID']}%22%7D&groupId=@{outputs('Get_item_-_Category')?['body/GroupID']}&tenantId=@{parameters('varTenantID (msft_varTenantID)')}&allowXTenantAccess=false"
              }
            ]
          }
        },
        "Is_GroupID_and_ChannelID_null": {
          "actions": {
            "Post_adaptive_card_in_a_channel_-_Configure_Channel": {
              "runAfter": {},
              "metadata": {
                "operationMetadataId": "bd51dc5b-081a-402a-92d7-dcd718c6a28f"
              },
              "type": "OpenApiConnection",
              "inputs": {
                "host": {
                  "connectionName": "shared_teams",
                  "operationId": "PostCardToConversation",
                  "apiId": "/providers/Microsoft.PowerApps/apis/shared_teams"
                },
                "parameters": {
                  "poster": "Flow bot",
                  "location": "Channel",
                  "body/recipient/groupId": "@outputs('Get_item_-_Category')?['body/GroupID']",
                  "body/recipient/channelId": "@outputs('Get_item_-_Category')?['body/ChannelID']",
                  "body/messageBody": "{\n    \"type\": \"AdaptiveCard\",\n    \"body\": [\n        {\n            \"type\": \"ColumnSet\",\n            \"columns\": [\n                {\n                    \"type\": \"Column\",\n                    \"width\": \"auto\",\n                    \"items\": [\n                        {\n                            \"type\": \"TextBlock\",\n                            \"size\": \"Large\",\n                            \"weight\": \"Bolder\",\n                            \"text\": \"@{triggerOutputs()?['body/Title']}\",\n                            \"wrap\": true,\n                            \"style\": \"heading\"\n                        },\n                        {\n                            \"type\": \"TextBlock\",\n                            \"spacing\": \"None\",\n                            \"text\": \"@{triggerOutputs()?['body/Date']}\",\n                            \"isSubtle\": true,\n                            \"wrap\": true,\n                            \"size\": \"Small\"\n                        }\n                    ]\n                },\n                {\n                    \"type\": \"Column\",\n                    \"width\": \"stretch\",\n                    \"items\": [\n                        {\n                            \"type\": \"TextBlock\",\n                            \"text\": \"@{triggerOutputs()?['body/Status/Value']}\",\n                            \"horizontalAlignment\": \"Right\",\n                            \"spacing\": \"None\",\n                            \"size\": \"Large\",\n                            \"color\": \"Attention\",\n                            \"wrap\": true\n                        }\n                    ]\n                }\n            ]\n        },\n        {\n            \"type\": \"TextBlock\",\n            \"text\": \"@{triggerOutputs()?['body/Description']}\",\n            \"wrap\": true\n        },\n        {\n            \"type\": \"FactSet\",\n            \"facts\": [\n                {\n                    \"title\": \"Category:\",\n                    \"value\": \"@{triggerOutputs()?['body/Category/Value']}\"\n                },\n                {\n                    \"title\": \"Assigned to:\",\n                    \"value\": \"@{triggerOutputs()?['body/AssignedTo/DisplayName']}\"\n                }\n            ]\n        }\n    ],\n    \"actions\": [\n        {\n            \"type\": \"Action.Submit\",\n            \"title\": \"Assign to Me\",\n            \"data\": {\n                \"IncidentID\": \"@{triggerOutputs()?['body/ID']}\",\n\"IncidentURL\":\"@{variables('deeplinkURL')}\"\n            }\n        },\n        {\n            \"type\": \"Action.OpenUrl\",\n            \"title\": \"View Details\",\n            \"url\": \"@{variables('deeplinkURL')}\"\n        }\n    ],\n    \"$schema\": \"http://adaptivecards.io/schemas/adaptive-card.json\",\n    \"version\": \"1.4\"\n}",
                  "body/cardTypeId": "msft_ac_shareincident"
                },
                "authentication": "@parameters('$authentication')"
              }
            }
          },
          "runAfter": {
            "Initialize_variable_-_deeplinkURL": [
              "Succeeded"
            ]
          },
          "else": {
            "actions": {
              "Post_adaptive_card_in_a_chat_-_Resolution_Authority": {
                "runAfter": {},
                "metadata": {
                  "operationMetadataId": "66cdec3a-6694-4f6a-813e-1952881da1bc"
                },
                "type": "OpenApiConnection",
                "inputs": {
                  "host": {
                    "connectionName": "shared_teams",
                    "operationId": "PostCardToConversation",
                    "apiId": "/providers/Microsoft.PowerApps/apis/shared_teams"
                  },
                  "parameters": {
                    "poster": "Flow bot",
                    "location": "Chat with Flow bot",
                    "body/recipient": "@outputs('Get_item_-_Category')?['body/ResolutionAuthority/Email']",
                    "body/messageBody": "{\n    \"type\": \"AdaptiveCard\",\n    \"body\": [\n        {\n            \"type\": \"ColumnSet\",\n            \"columns\": [\n                {\n                    \"type\": \"Column\",\n                    \"width\": \"auto\",\n                    \"items\": [\n                        {\n                            \"type\": \"TextBlock\",\n                            \"size\": \"Large\",\n                            \"weight\": \"Bolder\",\n                            \"text\": \"@{triggerOutputs()?['body/Title']}\",\n                            \"wrap\": true,\n                            \"style\": \"heading\"\n                        },\n                        {\n                            \"type\": \"TextBlock\",\n                            \"spacing\": \"None\",\n                            \"text\": \"@{triggerOutputs()?['body/Date']}\",\n                            \"isSubtle\": true,\n                            \"wrap\": true,\n                            \"size\": \"Small\"\n                        }\n                    ]\n                },\n                {\n                    \"type\": \"Column\",\n                    \"width\": \"stretch\",\n                    \"items\": [\n                        {\n                            \"type\": \"TextBlock\",\n                            \"text\": \"@{triggerOutputs()?['body/Status/Value']}\",\n                            \"horizontalAlignment\": \"Right\",\n                            \"spacing\": \"None\",\n                            \"size\": \"Large\",\n                            \"color\": \"Attention\",\n                            \"wrap\": true\n                        }\n                    ]\n                }\n            ]\n        },\n        {\n            \"type\": \"TextBlock\",\n            \"text\": \"@{triggerOutputs()?['body/Description']}\",\n            \"wrap\": true\n        },\n        {\n            \"type\": \"FactSet\",\n            \"facts\": [\n                {\n                    \"title\": \"Category:\",\n                    \"value\": \"@{triggerOutputs()?['body/Category/Value']}\"\n                },\n                {\n                    \"title\": \"Assigned to:\",\n                    \"value\": \"@{triggerOutputs()?['body/AssignedTo/DisplayName']}\"\n                }\n            ]\n        }\n    ],\n    \"actions\": [\n        {\n            \"type\": \"Action.Submit\",\n            \"title\": \"Assign to Me\",\n            \"data\": {\n                \"IncidentID\": \"@{triggerOutputs()?['body/ID']}\",\n\"IncidentURL\":\"@{variables('deeplinkURL')}\"\n            }\n        },\n        {\n            \"type\": \"Action.OpenUrl\",\n            \"title\": \"View Details\",\n            \"url\": \"@{variables('deeplinkURL')}\"\n        }\n    ],\n    \"$schema\": \"http://adaptivecards.io/schemas/adaptive-card.json\",\n    \"version\": \"1.4\"\n}",
                    "body/cardTypeId": "msft_ac_shareincident"
                  },
                  "authentication": "@parameters('$authentication')"
                }
              }
            }
          },
          "expression": {
            "and": [
              {
                "not": {
                  "equals": [
                    "@outputs('Get_item_-_Category')?['body/GroupID']",
                    "@null"
                  ]
                }
              },
              {
                "not": {
                  "equals": [
                    "@outputs('Get_item_-_Category')?['body/ChannelID']",
                    "@null"
                  ]
                }
              }
            ]
          },
          "metadata": {
            "operationMetadataId": "6d0cfb4b-ebae-4e75-b6ef-91ad8a1b397e"
          },
          "type": "If"
        }
      }
    },
    "templateName": ""
  },
  "schemaVersion": "1.0.0.0"
}