<environmentvariabledefinition schemaname="msft_varIncidentsListConnection">
  <apiid>/providers/microsoft.powerapps/apis/shared_sharepointonline</apiid>
  <defaultvalue>5f15347d-17e2-4a99-b495-2e6fb3bf788c</defaultvalue>
  <displayname default="varIncidentsListConnection">
    <label description="varIncidentsListConnection" languagecode="1033" />
  </displayname>
  <introducedversion>1.0.0.6</introducedversion>
  <iscustomizable>1</iscustomizable>
  <isrequired>0</isrequired>
  <parameterkey>table</parameterkey>
  <parentdefinitionid>
    <schemaname>msft_varIncidentsSharePointSiteURL</schemaname>
  </parentdefinitionid>
  <secretstore>0</secretstore>
  <type>100000004</type>
</environmentvariabledefinition>