<environmentvariabledefinition schemaname="msft_varTenantID">
  <defaultvalue>a1e1786e-9dad-456d-8c81-10b3714ac608</defaultvalue>
  <description default="ID of the tenant">
    <label description="ID of the tenant" languagecode="1033" />
  </description>
  <displayname default="varTenantID">
    <label description="varTenantID" languagecode="1033" />
  </displayname>
  <introducedversion>1.0.0.3</introducedversion>
  <iscustomizable>1</iscustomizable>
  <isrequired>0</isrequired>
  <secretstore>0</secretstore>
  <type>100000000</type>
</environmentvariabledefinition>