<customapirequestparameter uniquename="QualifyProspect_opportunity">
  <description default="QualifyProspect_opportunity">
    <label description="QualifyProspect_opportunity" languagecode="1033" />
  </description>
  <displayname default="QualifyProspect_opportunity">
    <label description="QualifyProspect_opportunity" languagecode="1033" />
  </displayname>
  <iscustomizable>1</iscustomizable>
  <isoptional>0</isoptional>
  <name>QualifyProspect_opportunity</name>
  <type>0</type>
</customapirequestparameter>