<ImportExportXml xmlns:xsi="http://www.w3.org/2001/XMLSchema-instance">
  <Entities></Entities>
  <Roles></Roles>
  <Workflows>
    <Workflow WorkflowId="{f1d30bf4-aac8-ed11-b596-000d3aad06aa}" Name="Incidents App - Delete Incident">
      <JsonFileName>/Workflows/IncidentsApp-DeleteIncident-F1D30BF4-AAC8-ED11-B596-000D3AAD06AA.json</JsonFileName>
      <Type>1</Type>
      <Subprocess>0</Subprocess>
      <Category>5</Category>
      <Mode>0</Mode>
      <Scope>4</Scope>
      <OnDemand>0</OnDemand>
      <TriggerOnCreate>0</TriggerOnCreate>
      <TriggerOnDelete>0</TriggerOnDelete>
      <AsyncAutodelete>0</AsyncAutodelete>
      <SyncWorkflowLogOnFailure>0</SyncWorkflowLogOnFailure>
      <StateCode>1</StateCode>
      <StatusCode>2</StatusCode>
      <RunAs>1</RunAs>
      <IsTransacted>1</IsTransacted>
      <IntroducedVersion>1.0.0.6</IntroducedVersion>
      <IsCustomizable>1</IsCustomizable>
      <BusinessProcessType>0</BusinessProcessType>
      <IsCustomProcessingStepAllowedForOtherPublishers>1</IsCustomProcessingStepAllowedForOtherPublishers>
      <PrimaryEntity>none</PrimaryEntity>
      <LocalizedNames>
        <LocalizedName languagecode="1033" description="Incidents App - Delete Incident" />
      </LocalizedNames>
    </Workflow>
    <Workflow WorkflowId="{694a0251-9ba8-ed11-aad1-002248a1583c}" Name="Incidents App - Share Incident Flow">
      <JsonFileName>/Workflows/IncidentsApp-ShareIncidentFlow-694A0251-9BA8-ED11-AAD1-002248A1583C.json</JsonFileName>
      <Type>1</Type>
      <Subprocess>0</Subprocess>
      <Category>5</Category>
      <Mode>0</Mode>
      <Scope>4</Scope>
      <OnDemand>0</OnDemand>
      <TriggerOnCreate>0</TriggerOnCreate>
      <TriggerOnDelete>0</TriggerOnDelete>
      <AsyncAutodelete>0</AsyncAutodelete>
      <SyncWorkflowLogOnFailure>0</SyncWorkflowLogOnFailure>
      <StateCode>1</StateCode>
      <StatusCode>2</StatusCode>
      <RunAs>1</RunAs>
      <IsTransacted>1</IsTransacted>
      <IntroducedVersion>1.0.0.0</IntroducedVersion>
      <IsCustomizable>1</IsCustomizable>
      <IsCustomProcessingStepAllowedForOtherPublishers>1</IsCustomProcessingStepAllowedForOtherPublishers>
      <PrimaryEntity>none</PrimaryEntity>
      <LocalizedNames>
        <LocalizedName languagecode="1033" description="Incidents App - Share Incident Flow" />
      </LocalizedNames>
    </Workflow>
    <Workflow WorkflowId="{0dfecb93-58a9-ed11-aad1-002248a1583c}" Name="Incidents App - Notify New Incident">
      <JsonFileName>/Workflows/IncidentsApp-NotifyNewIncident-0DFECB93-58A9-ED11-AAD1-002248A1583C.json</JsonFileName>
      <Type>1</Type>
      <Subprocess>0</Subprocess>
      <Category>5</Category>
      <Mode>0</Mode>
      <Scope>4</Scope>
      <OnDemand>0</OnDemand>
      <TriggerOnCreate>0</TriggerOnCreate>
      <TriggerOnDelete>0</TriggerOnDelete>
      <AsyncAutodelete>0</AsyncAutodelete>
      <SyncWorkflowLogOnFailure>0</SyncWorkflowLogOnFailure>
      <StateCode>1</StateCode>
      <StatusCode>2</StatusCode>
      <RunAs>1</RunAs>
      <IsTransacted>1</IsTransacted>
      <IntroducedVersion>1.0.0.0</IntroducedVersion>
      <IsCustomizable>1</IsCustomizable>
      <IsCustomProcessingStepAllowedForOtherPublishers>1</IsCustomProcessingStepAllowedForOtherPublishers>
      <PrimaryEntity>none</PrimaryEntity>
      <LocalizedNames>
        <LocalizedName languagecode="1033" description="Incidents App - Notify New Incident" />
      </LocalizedNames>
    </Workflow>
  </Workflows>
  <FieldSecurityProfiles></FieldSecurityProfiles>
  <Templates />
  <EntityMaps />
  <EntityRelationships />
  <OrganizationSettings />
  <optionsets />
  <CustomControls />
  <EntityDataProviders />
  <CanvasApps>
    <CanvasApp>
      <Name>msft_msftincidentspocapp_b80ea</Name>
      <AppVersion>2023-04-20T11:50:23Z</AppVersion>
      <Status>Ready</Status>
      <CreatedByClientVersion>3.23042.12.0</CreatedByClientVersion>
      <MinClientVersion>3.23042.12.0</MinClientVersion>
      <Tags>{"primaryDeviceWidth":"1366","primaryDeviceHeight":"768","supportsPortrait":"true","supportsLandscape":"true","primaryFormFactor":"Tablet","publisherVersion":"3.23042.12","minimumRequiredApiVersion":"2.2.0","hasComponent":"false","hasUnlockedComponent":"false","isUnifiedRootApp":"false","sienaVersion":"20230327T092103Z-3.23032.12.0"}</Tags>
      <IsCdsUpgraded>0</IsCdsUpgraded>
      <GalleryItemId xsi:nil="true"></GalleryItemId>
      <BackgroundColor>rgba(203, 102, 102, 1)</BackgroundColor>
      <DisplayName>Incidents App</DisplayName>
      <Description xsi:nil="true"></Description>
      <CommitMessage xsi:nil="true"></CommitMessage>
      <Publisher></Publisher>
      <AuthorizationReferences>[]</AuthorizationReferences>
      <ConnectionReferences>{"36290e66-4ecc-4b05-9509-13bb0e83a181":{"id":"/providers/microsoft.powerapps/apis/shared_teams","displayName":"Microsoft Teams","iconUri":"https://connectoricons-prod.azureedge.net/releases/v1.0.1628/1.0.1628.3245/teams/icon.png","dataSources":["MicrosoftTeams"],"dependencies":[],"dependents":["f0dbe0d8-9238-4555-9c2f-ab4bb3f0922b"],"parameterHints":{},"parameterHintsV2":{},"isOnPremiseConnection":false,"bypassConsent":false,"dataSets":{},"apiTier":"Standard","actions":["GetAllTeams","GetChannelsForGroup"]},"24b5cbb3-ad06-48f3-a2a5-a519c31be592":{"id":"/providers/microsoft.powerapps/apis/shared_sharepointonline","displayName":"SharePoint","iconUri":"https://connectoricons-prod.azureedge.net/releases/v1.0.1627/1.0.1627.3238/sharepointonline/icon.png","dataSources":["Incident Categories","Incidents"],"dependencies":[],"dependents":["f0dbe0d8-9238-4555-9c2f-ab4bb3f0922b","76a7693c-179c-4aa9-b54c-ef5c70d48a5a"],"parameterHints":{},"parameterHintsV2":{},"isOnPremiseConnection":false,"bypassConsent":false,"dataSets":{"https://marcuscastro.sharepoint.com/sites/Incidents":{"dataSources":{"Incident Categories":{"tableName":"7a696e02-bc44-4077-8cc1-304651927967"},"Incidents":{"tableName":"5f15347d-17e2-4a99-b495-2e6fb3bf788c"}}}},"apiTier":"Standard","actions":["providers/PowerPlatform.Governance/Operations/Read","providers/PowerPlatform.Governance/Operations/Write","providers/PowerPlatform.Governance/Operations/Delete"]},"b30cd4a7-11ab-4d37-abc2-0826dfdcb06f":{"id":"/providers/microsoft.powerapps/apis/shared_office365users","displayName":"Office 365 Users","iconUri":"https://connectoricons-prod.azureedge.net/releases/v1.0.1626/1.0.1626.3238/office365users/icon.png","dataSources":["Office365Users"],"dependencies":[],"dependents":[],"parameterHints":{},"parameterHintsV2":{},"isOnPremiseConnection":false,"bypassConsent":false,"dataSets":{},"apiTier":"Standard"},"f0dbe0d8-9238-4555-9c2f-ab4bb3f0922b":{"id":"/providers/microsoft.powerapps/apis/shared_logicflows","displayName":"Logic flows","iconUri":"https://connectoricons-prod.azureedge.net/releases/v1.0.1615/1.0.1615.3163/logicflows/icon.png","dataSources":["MSFT-ShareIncidentFlow"],"dependencies":["24b5cbb3-ad06-48f3-a2a5-a519c31be592","36290e66-4ecc-4b05-9509-13bb0e83a181"],"dependents":[],"parameterHints":{"workflowName":{"value":"b965125f-ca51-4347-b35c-3a84d86f5c0a"},"workflowEntityId":{"value":"694a0251-9ba8-ed11-aad1-002248a1583c"},"24b5cbb3-ad06-48f3-a2a5-a519c31be592":{"value":"shared_sharepointonline"},"36290e66-4ecc-4b05-9509-13bb0e83a181":{"value":"shared_teams"}},"parameterHintsV2":{"workflowName":{"value":"b965125f-ca51-4347-b35c-3a84d86f5c0a"},"workflowEntityId":{"value":"694a0251-9ba8-ed11-aad1-002248a1583c"},"shared_sharepointonline":{"value":"24b5cbb3-ad06-48f3-a2a5-a519c31be592"},"shared_teams":{"value":"36290e66-4ecc-4b05-9509-13bb0e83a181"}},"isOnPremiseConnection":false,"bypassConsent":false,"dataSets":{},"apiTier":"Standard","actions":["Run"]},"76a7693c-179c-4aa9-b54c-ef5c70d48a5a":{"id":"/providers/microsoft.powerapps/apis/shared_logicflows","displayName":"Logic flows","iconUri":"https://connectoricons-prod.azureedge.net/releases/v1.0.1615/1.0.1615.3163/logicflows/icon.png","dataSources":["MSFT-DeleteIncident"],"dependencies":["d598b76a-1abc-4d14-baf9-8acb2e79504a","24b5cbb3-ad06-48f3-a2a5-a519c31be592"],"dependents":[],"parameterHints":{"workflowName":{"value":"907fe316-2859-45f4-b478-c67060c18835"},"workflowEntityId":{"value":"f1d30bf4-aac8-ed11-b596-000d3aad06aa"},"d598b76a-1abc-4d14-baf9-8acb2e79504a":{"value":"shared_approvals"},"24b5cbb3-ad06-48f3-a2a5-a519c31be592":{"value":"shared_sharepointonline"}},"parameterHintsV2":{"workflowName":{"value":"907fe316-2859-45f4-b478-c67060c18835"},"workflowEntityId":{"value":"f1d30bf4-aac8-ed11-b596-000d3aad06aa"},"shared_approvals":{"value":"d598b76a-1abc-4d14-baf9-8acb2e79504a"},"shared_sharepointonline":{"value":"24b5cbb3-ad06-48f3-a2a5-a519c31be592"}},"isOnPremiseConnection":false,"bypassConsent":false,"dataSets":{},"apiTier":"Standard","actions":["Run"]},"d598b76a-1abc-4d14-baf9-8acb2e79504a":{"id":"/providers/microsoft.powerapps/apis/shared_approvals","displayName":"Approvals","iconUri":"https://connectoricons-prod.azureedge.net/releases/v1.0.1623/1.0.1623.3209/approvals/icon.png","dataSources":[],"dependencies":[],"dependents":["76a7693c-179c-4aa9-b54c-ef5c70d48a5a"],"parameterHints":{},"parameterHintsV2":{},"isOnPremiseConnection":false,"bypassConsent":false,"dataSets":{},"apiTier":"Standard"}}</ConnectionReferences>
      <DatabaseReferences>{}</DatabaseReferences>
      <AppComponents>[]</AppComponents>
      <AppComponentDependencies>[]</AppComponentDependencies>
      <CanConsumeAppPass>1</CanConsumeAppPass>
      <CanvasAppType>0</CanvasAppType>
      <BypassConsent>0</BypassConsent>
      <AdminControlBypassConsent>0</AdminControlBypassConsent>
      <EmbeddedApp xsi:nil="true"></EmbeddedApp>
      <IntroducedVersion>1.0</IntroducedVersion>
      <CdsDependencies>{"cdsdependencies":[]}</CdsDependencies>
      <IsCustomizable>1</IsCustomizable>
      <BackgroundImageUri>/CanvasApps/msft_msftincidentspocapp_b80ea_BackgroundImageUri</BackgroundImageUri>
      <DocumentUri>/CanvasApps/msft_msftincidentspocapp_b80ea_DocumentUri.msapp</DocumentUri>
    </CanvasApp>
  </CanvasApps>
  <connectionreferences>
    <connectionreference connectionreferencelogicalname="msft_sharedapprovals_08058">
      <connectionreferencedisplayname>Approvals MSFTPOCIncidentsApp-08058</connectionreferencedisplayname>
      <connectorid>/providers/Microsoft.PowerApps/apis/shared_approvals</connectorid>
      <iscustomizable>1</iscustomizable>
      <statecode>0</statecode>
      <statuscode>1</statuscode>
    </connectionreference>
    <connectionreference connectionreferencelogicalname="msft_sharedoffice365users_f0eb8">
      <connectionreferencedisplayname>Office 365 Users MSFTPOCIncidentsApp-f0eb8</connectionreferencedisplayname>
      <connectorid>/providers/Microsoft.PowerApps/apis/shared_office365users</connectorid>
      <iscustomizable>1</iscustomizable>
      <statecode>0</statecode>
      <statuscode>1</statuscode>
    </connectionreference>
    <connectionreference connectionreferencelogicalname="msft_sharedsharepointonline_4f9a6">
      <connectionreferencedisplayname>SharePoint MSFTPOCIncidentsApp-4f9a6</connectionreferencedisplayname>
      <connectorid>/providers/Microsoft.PowerApps/apis/shared_sharepointonline</connectorid>
      <iscustomizable>1</iscustomizable>
      <statecode>0</statecode>
      <statuscode>1</statuscode>
    </connectionreference>
    <connectionreference connectionreferencelogicalname="msft_sharedteams_48a4d">
      <connectionreferencedisplayname>Microsoft Teams MSFTPOCIncidentsApp-48a4d</connectionreferencedisplayname>
      <connectorid>/providers/Microsoft.PowerApps/apis/shared_teams</connectorid>
      <iscustomizable>1</iscustomizable>
      <statecode>0</statecode>
      <statuscode>1</statuscode>
    </connectionreference>
  </connectionreferences>
  <Languages>
    <Language>1033</Language>
  </Languages>
</ImportExportXml>