<ImportExportXml xmlns:xsi="http://www.w3.org/2001/XMLSchema-instance">
  <Entities></Entities>
  <Roles></Roles>
  <Workflows></Workflows>
  <FieldSecurityProfiles></FieldSecurityProfiles>
  <Templates />
  <EntityMaps />
  <EntityRelationships />
  <OrganizationSettings />
  <optionsets />
  <CustomControls />
  <EntityDataProviders />
  <CanvasApps>
    <CanvasApp>
      <Name>cr715_instagramposts_bc759</Name>
      <AppVersion>2023-03-29T05:28:05Z</AppVersion>
      <Status>Ready</Status>
      <CreatedByClientVersion>3.23033.15.0</CreatedByClientVersion>
      <MinClientVersion>3.23033.15.0</MinClientVersion>
      <Tags>{"primaryDeviceWidth":"1366","primaryDeviceHeight":"768","supportsPortrait":"true","supportsLandscape":"true","primaryFormFactor":"Tablet","publisherVersion":"3.23033.15","minimumRequiredApiVersion":"2.2.0","hasComponent":"false","hasUnlockedComponent":"false","isUnifiedRootApp":"false"}</Tags>
      <IsCdsUpgraded>0</IsCdsUpgraded>
      <GalleryItemId xsi:nil="true"></GalleryItemId>
      <BackgroundColor>RGBA(0,176,240,1)</BackgroundColor>
      <DisplayName>InstagramPosts</DisplayName>
      <Description xsi:nil="true"></Description>
      <CommitMessage xsi:nil="true"></CommitMessage>
      <Publisher xsi:nil="true"></Publisher>
      <AuthorizationReferences>[]</AuthorizationReferences>
      <ConnectionReferences>{"205b3612-d2f3-4b63-b882-ffc37c7852b1":{"id":"/providers/microsoft.powerapps/apis/shared_cr715-5finstagrampost-5f70b18ed495d69cb6","displayName":"InstagramPost","iconUri":"https://az787822.vo.msecnd.net/defaulticons/api-dedicated.png","dataSources":["Instagram"],"dependencies":[],"dependents":[],"parameterHints":{},"parameterHintsV2":{},"isOnPremiseConnection":false,"dataSets":{},"apiTier":"Standard","actions":["GetPostsWithFields"],"customApiLogicalName":"cr715_5Finstagrampost","isCustomApiSolutionAware":true}}</ConnectionReferences>
      <DatabaseReferences>{}</DatabaseReferences>
      <AppComponents>[]</AppComponents>
      <AppComponentDependencies>[]</AppComponentDependencies>
      <CanConsumeAppPass>1</CanConsumeAppPass>
      <CanvasAppType>0</CanvasAppType>
      <BypassConsent>0</BypassConsent>
      <AdminControlBypassConsent>0</AdminControlBypassConsent>
      <EmbeddedApp xsi:nil="true"></EmbeddedApp>
      <IntroducedVersion>1.0</IntroducedVersion>
      <CdsDependencies>{"cdsdependencies":[{"logicalname":"cr715_5Finstagrampost","componenttype":372,"componenttypeplatformname":"connector"}]}</CdsDependencies>
      <IsCustomizable>1</IsCustomizable>
      <BackgroundImageUri>/CanvasApps/cr715_instagramposts_bc759_BackgroundImageUri</BackgroundImageUri>
      <DocumentUri>/CanvasApps/cr715_instagramposts_bc759_DocumentUri.msapp</DocumentUri>
    </CanvasApp>
  </CanvasApps>
  <Connectors>
    <Connector>
      <connectorid>df73ff22-8f1c-4581-97d0-aa07d5d031f0</connectorid>
      <description>The Instagram Basic Display connector allows users of your app to get basic profile information, photos, and videos in their Instagram accounts. The API is intended for non-Business and non-Creator Instagram users.</description>
      <displayname>InstagramPost</displayname>
      <iconbrandcolor>#007ee5</iconbrandcolor>
      <name>cr715_5Finstagrampost</name>
      <connectortype>1</connectortype>
      <openapidefinition>/Connector/cr715_5Finstagrampost_openapidefinition.json</openapidefinition>
      <connectionparameters>/Connector/cr715_5Finstagrampost_connectionparameters.json</connectionparameters>
      <policytemplateinstances>/Connector/cr715_5Finstagrampost_policytemplateinstances.json</policytemplateinstances>
      <iconblob>/Connector/cr715_5Finstagrampost_iconblob.Png</iconblob>
    </Connector>
  </Connectors>
  <Languages>
    <Language>1033</Language>
  </Languages>
</ImportExportXml>