{"schemaVersion":"1.0","appDefinitionTemplate":{"id":"/providers/Microsoft.PowerApps/apps/","type":"Microsoft.PowerApps/apps","tags":{"primaryDeviceWidth":"1366","primaryDeviceHeight":"768","sienaVersion":"20220124T154552Z-3.21124.16.0","deviceCapabilities":"","supportsPortrait":"false","supportsLandscape":"true","primaryFormFactor":"Tablet","publisherVersion":"3.21124.16","minimumRequiredApiVersion":"2.2.0","hasComponent":"true","hasUnlockedComponent":"true","isUnifiedRootApp":"false"},"properties":{"appVersion":"2022-01-24T15:45:52Z","lifeCycleId":"Published","createdByClientVersion":{"major":3,"minor":21124,"build":16,"revision":0,"majorRevision":0,"minorRevision":0},"minClientVersion":{"major":3,"minor":21124,"build":16,"revision":0,"majorRevision":0,"minorRevision":0},"backgroundColor":"rgba(0, 176, 240, 1)","backgroundImageUri":"/14486471663255843098/Ne69a79af-d365-4254-bd5f-d94efb69a294-logoSmallFile","displayName":"User Directory","description":"","commitMessage":"","appUris":{"documentUri":{"value":"/14486471663255843098/N4860edb5-c2e7-4a87-accd-555f19a5d5c4-document.msapp"},"imageUris":[]},"createdTime":"0001-01-01T00:00:00Z","lastModifiedTime":"0001-01-01T00:00:00Z","sharedGroupsCount":0,"sharedUsersCount":0,"icons":{"smallIconUri":"/14486471663255843098/Nf2e683e4-bc9b-46c9-a514-15b85dd2f8e1-small.png","mediumIconUri":"/14486471663255843098/N1b9af15e-49a2-4ff2-862b-13106cd915ca-medium.png","largeIconUri":"/14486471663255843098/N5548fc3f-2795-4a8f-87a5-10b30ef9f65e-large.png","wideIconUri":"/14486471663255843098/Nedbafb16-4652-4eed-bd11-bd1bb662bd39-wide.png"},"connectionReferences":{"06241e24-a3ff-4e03-87bd-a89eb9bbdf36":{"id":"b882c9e6-7ac9-4ae1-9729-068d30aa8f35","displayName":"GraphAPI","iconUri":"https://az787822.vo.msecnd.net/defaulticons/api-dedicated.png","dataSources":["GraphAPI"],"dependencies":[],"dependents":[],"parameterHints":{},"parameterHintsV2":{},"isOnPremiseConnection":false,"bypassConsent":false,"dataSets":{},"apiTier":"Standard","isCustomApiConnection":true,"actions":["GetGroupList","GetUserSearchByDisplayName","GetGroupMembers","GetAllGroupsByUser"]},"91464f8e-d2c5-458f-a71c-3f7a60297c5a":{"id":"cbcd2710-4cf8-44f5-9f6d-f4cb72505a47","displayName":"SharePoint","iconUri":"https://connectoricons-prod.azureedge.net/releases/v1.0.1546/1.0.1546.2665/sharepointonline/icon.png","dataSources":["Testlist"],"dependencies":[],"dependents":[],"parameterHints":{},"parameterHintsV2":{},"isOnPremiseConnection":false,"bypassConsent":false,"dataSets":{"https://mypersorg.sharepoint.com/sites/LDPStrategyandSupport":{"dataSources":{"Testlist":{"tableName":"142402b8-2077-49e1-899a-e03ed9e09f81"}}}},"apiTier":"Standard","isCustomApiConnection":false,"actions":["providers/PowerPlatform.Governance/Operations/Read"]}},"databaseReferences":{},"almMode":"Environment","performanceOptimizationEnabled":true,"canConsumeAppPass":true,"executionRestrictions":{"isTeamsOnly":false,"dataLossPreventionEvaluationResult":{"status":"Compliant","lastEvaluationDate":"2021-05-15T07:55:44.4263071Z","violations":[],"violationsByPolicy":[],"violationErrorMessage":"The app uses the following connectors: ."}}},"appType":"ClassicCanvasApp","appComponents":[]}}