{"swagger":"2.0","info":{"title":"Instagram Basic Display","description":"The Instagram Basic Display connector allows users of your app to get basic profile information, photos, and videos in their Instagram accounts. The API is intended for non-Business and non-Creator Instagram users.","version":"1.0","contact":{"name":"Reshmee Auckloo","email":"reshmee011@gmail.com","url":"https://github.com/reshmee011"}},"host":"graph.instagram.com","basePath":"/","schemes":["https"],"consumes":[],"produces":[],"paths":{"/me/media":{"get":{"responses":{"200":{"description":"OK","schema":{"type":"object","properties":{"data":{"type":"array","items":{"type":"object","properties":{"media_type":{"type":"string","description":"The Media's type.","title":"Media type"},"media_url":{"type":"string","description":"media_url"},"permalink":{"type":"string","description":"The Media's permanent URL.","title":"Media permanent URL"},"id":{"type":"string","description":"The Media's ID.","title":"Media id"},"username":{"type":"string","description":"The Media owner's username.","title":"Username"},"timestamp":{"type":"string","description":"ISO 8601 formatted creation date in UTC.","title":"Timestamp"},"caption":{"type":"string","description":"The caption of the Media.","title":"Caption"}}},"description":"data"},"paging":{"type":"object","properties":{"cursors":{"type":"object","properties":{"before":{"type":"string","description":"before"},"after":{"type":"string","description":"after"}},"description":"cursors"}},"description":"paging"}}}}},"summary":"Get my Media","description":"Retrieves a list of media items posted by the authenticated user and additional fields like media_type, media_url, caption, permalink and timestamp of each item can be specified.","operationId":"GetMyMedia","parameters":[{"name":"fields","in":"query","description":"Specify the fields you want returned. Example (caption,media_type,media_url,permalink,timestamp,username).","required":false,"x-ms-summary":"Fields","default":"caption,media_type,media_url,permalink,timestamp,username","type":"string"}]}},"/me":{"get":{"responses":{"200":{"description":"OK","schema":{"type":"object","properties":{"username":{"type":"string","description":"The User's username.","title":"Username"},"media_count":{"type":"integer","format":"int32","description":"The number of Media on the User.","title":"Media count"},"account_type":{"type":"string","description":"account_type"},"id":{"type":"string","description":"The Media's ID.","title":"Media id"}}}}},"summary":"Get My Details","description":"Retrieves information about the authenticated user. By default it retrieves the Id and other details like username,  media_count and account_type can be returned by requesting them via the fields parameter.","operationId":"GetMyDetails","parameters":[{"name":"fields","in":"query","required":false,"description":"Specify the fields you want returned. Example (id,media_count,username,account_type).","x-ms-summary":"Fields","default":"id,media_count,username,account_type","type":"string"}]}},"/{media-id}":{"get":{"responses":{"200":{"description":"OK","schema":{"type":"object","properties":{"data":{"type":"array","items":{"type":"object","properties":{"media_type":{"type":"string","description":"The Media's type.","title":"Media type"},"media_url":{"type":"string","description":"media_url"},"permalink":{"type":"string","description":"The Media's permanent URL.","title":"Media permanent URL"},"username":{"type":"string","description":"The Media owner's username.","title":"Username"},"timestamp":{"type":"string","description":"ISO 8601 formatted creation date in UTC.","title":"Timestamp"},"id":{"type":"string","description":"id"},"caption":{"type":"string","description":"The caption of the Media.","title":"Caption"}}},"description":"data"},"paging":{"type":"object","properties":{"cursors":{"type":"object","properties":{"before":{"type":"string","description":"before"},"after":{"type":"string","description":"after"}},"description":"cursors"}},"description":"paging"}}}}},"summary":"Get Media Details","description":"Retrieves media details posted by the authenticated user and additional fields like media_type, media_url, caption and permalink can be specified.","operationId":"GetMediaDetails","parameters":[{"name":"media-id","in":"path","required":true,"x-ms-summary":"Media Id","x-ms-url-encoding":"single","type":"string","description":"A valid media id of the post."},{"name":"fields","in":"query","required":false,"description":"Specify the fields you want returned. Example (caption,media_type,media_url,permalink,timestamp,username).","x-ms-summary":"Fields","default":"caption,media_type,media_url,permalink,timestamp,username","type":"string"}]}}},"definitions":{},"parameters":{},"responses":{},"securityDefinitions":{"API Key":{"type":"apiKey","in":"query","name":"access_token"}},"security":[{"API Key":[]}],"tags":[],"x-ms-connector-metadata":[{"propertyName":"Website","propertyValue":"https://www.instagram.com"},{"propertyName":"Privacy policy","propertyValue":"https://privacycenter.instagram.com/policy/?entry_point=ig_help_center_data_policy_redirect"},{"propertyName":"Categories","propertyValue":"Data"}]}