{"schemaVersion":"1.0","appDefinitionTemplate":{"id":"/providers/Microsoft.PowerApps/apps/","type":"Microsoft.PowerApps/apps","tags":{"primaryDeviceWidth":"1366","primaryDeviceHeight":"768","sienaVersion":"20220110T152120Z-3.21115.37.0","deviceCapabilities":"","supportsPortrait":"true","supportsLandscape":"true","primaryFormFactor":"Tablet","publisherVersion":"3.21115.37","minimumRequiredApiVersion":"2.2.0","hasComponent":"false","hasUnlockedComponent":"false","isUnifiedRootApp":"false"},"properties":{"appVersion":"2022-01-10T15:21:20Z","lifeCycleId":"Published","createdByClientVersion":{"major":3,"minor":21115,"build":37,"revision":0,"majorRevision":0,"minorRevision":0},"minClientVersion":{"major":3,"minor":21115,"build":37,"revision":0,"majorRevision":0,"minorRevision":0},"backgroundColor":"rgba(255, 255, 255, 1)","backgroundImageUri":"/13931744615169021214/N736ab3e5-608f-4ce7-8b91-5a3c1fb8bfb1-logoSmallFile","displayName":"Self Service Portal","description":"Manage your release preferences, join early preview pilots, and enable software on demand.","commitMessage":"","appUris":{"documentUri":{"value":"/13931744615169021214/N5f67924e-1ef5-422e-8e0f-bae0143349a1-document.msapp"},"imageUris":[]},"createdTime":"0001-01-01T00:00:00Z","lastModifiedTime":"0001-01-01T00:00:00Z","sharedGroupsCount":0,"sharedUsersCount":0,"icons":{"smallIconUri":"/13931744615169021214/N89e73bdc-d186-46e2-b31f-393003ab4374-small.png","mediumIconUri":"/13931744615169021214/N094372a6-c0d4-4529-84f7-712c4ec3a6e5-medium.png","largeIconUri":"/13931744615169021214/N8cc32fdc-ed03-41a2-a918-f670f8282d0d-large.png","wideIconUri":"/13931744615169021214/N72e513d1-ee2a-4d25-a061-3c134722591f-wide.png"},"connectionReferences":{"6105a920-0e92-4b4d-8e9c-751ef7cd9c60":{"id":"27af79bc-a51c-414e-a824-6e1706b3247d","displayName":"Office 365 Users","iconUri":"https://connectoricons-prod.azureedge.net/releases/v1.0.1542/1.0.1542.2635/office365users/icon.png","dataSources":["Office365Users"],"dependencies":[],"dependents":[],"parameterHints":{},"parameterHintsV2":{},"isOnPremiseConnection":false,"bypassConsent":false,"dataSets":{},"apiTier":"Standard","isCustomApiConnection":false,"actions":["UserProfile","UserPhotoV2","UserProfileV2"]},"f354c175-d98f-4289-8a2f-cc1b393ba4c2":{"id":"1d00bdea-8350-45ac-85ea-bebc8d951e90","displayName":"Logic flows","iconUri":"https://connectoricons-prod.azureedge.net/releases/v1.0.1534/1.0.1534.2605/logicflows/icon.png","dataSources":["SelfService_GroupManager"],"dependencies":[],"dependents":[],"parameterHints":{"workflowName":{"value":"4fbe843f-8973-481b-a562-c8b0b10aa3f8"},"workflowEntityId":{}},"parameterHintsV2":{"workflowName":{"value":"4fbe843f-8973-481b-a562-c8b0b10aa3f8"},"workflowEntityId":{}},"isOnPremiseConnection":false,"bypassConsent":false,"dataSets":{},"apiTier":"Standard","isCustomApiConnection":false,"actions":["Run"]}},"databaseReferences":{},"almMode":"Environment","performanceOptimizationEnabled":true,"canConsumeAppPass":true,"executionRestrictions":{"isTeamsOnly":false,"dataLossPreventionEvaluationResult":{"status":"Compliant","lastEvaluationDate":"2021-12-14T08:35:13.1344573Z","violations":[],"violationsByPolicy":[],"violationErrorMessage":"The app uses the following connectors: ."}}},"appType":"ClassicCanvasApp","appComponents":[]}}