<customapirequestparameter uniquename="QualifyProspect_account">
  <description default="QualifyProspect_account">
    <label description="QualifyProspect_account" languagecode="1033" />
  </description>
  <displayname default="QualifyProspect_account">
    <label description="QualifyProspect_account" languagecode="1033" />
  </displayname>
  <iscustomizable>1</iscustomizable>
  <isoptional>0</isoptional>
  <name>QualifyProspect_account</name>
  <type>0</type>
</customapirequestparameter>