<customapirequestparameter uniquename="QualifyProspect_contact">
  <description default="QualifyProspect_contact">
    <label description="QualifyProspect_contact" languagecode="1033" />
  </description>
  <displayname default="QualifyProspect_contact">
    <label description="QualifyProspect_contact" languagecode="1033" />
  </displayname>
  <iscustomizable>1</iscustomizable>
  <isoptional>0</isoptional>
  <name>QualifyProspect_contact</name>
  <type>0</type>
</customapirequestparameter>