{"name":"546ffad1-d6f2-4cc3-abad-a5635d168672","id":"/providers/Microsoft.Flow/flows/546ffad1-d6f2-4cc3-abad-a5635d168672","type":"Microsoft.Flow/flows","properties":{"apiId":"/providers/Microsoft.PowerApps/apis/shared_logicflows","displayName":"Email Event Attendees","definition":{"metadata":{"workflowEntityId":null,"processAdvisorMetadata":null,"flowclientsuspensionreason":"None","flowclientsuspensiontime":null,"creator":{"id":"be7f6a61-71ec-4e63-8609-3e2cb740dc75","type":"User","tenantId":"32292181-0169-456b-b0a4-95fa4c5773a4"},"provisioningMethod":"FromDefinition","failureAlertSubscription":true,"clientLastModifiedTime":"2021-08-26T15:09:33.3415549Z"},"$schema":"https://schema.management.azure.com/providers/Microsoft.Logic/schemas/2016-06-01/workflowdefinition.json#","contentVersion":"1.0.0.0","parameters":{"$connections":{"defaultValue":{},"type":"Object"},"$authentication":{"defaultValue":{},"type":"SecureObject"}},"triggers":{"manual":{"type":"Request","kind":"PowerApp","inputs":{"schema":{"type":"object","properties":{"Getattendeesforevent_FilterQuery":{"type":"string","description":"An ODATA filter query to restrict the entries returned (e.g. stringColumn eq 'string' OR numberColumn lt 123).. This parameter is used as part of \"6ECDA5BF-F699-49A8-A9D8-626D12CF0AA6\"","x-ms-powerflows-param-ispartial":true},"InitializeEventIdvariable_Value":{"type":"integer","description":"Enter initial value","x-ms-powerflows-param-ispartial":false},"Sendemailtoattendees_Body":{"type":"string","format":"html","description":"Specify the body of the mail. This parameter is used as part of \"1FCB50DD-5671-44CE-8628-060221BC1EC6\"","x-ms-powerflows-param-ispartial":true}},"required":["Getattendeesforevent_FilterQuery","InitializeEventIdvariable_Value","Sendemailtoattendees_Body"]}}}},"actions":{"Get_attendees_for_event":{"runAfter":{"Get_event":["Succeeded"]},"type":"OpenApiConnection","inputs":{"host":{"apiId":"/providers/Microsoft.PowerApps/apis/shared_sharepointonline","connectionName":"shared_sharepointonline_1","operationId":"GetItems"},"parameters":{"dataset":"@variables('EventsSiteURL')","table":"Event Attendees","$filter":"EventID eq '@{variables('EventId')}'"},"authentication":{"value":"@json(decodeBase64(triggerOutputs().headers['X-MS-APIM-Tokens']))['$ConnectionKey']","type":"Raw"}}},"Initialize_Attendees_variable":{"runAfter":{"Events_Site_URL":["Succeeded"]},"type":"InitializeVariable","inputs":{"variables":[{"name":"Attendees","type":"array"}]}},"Loop_through_attendees":{"foreach":"@outputs('Get_attendees_for_event')?['body/value']","actions":{"Append_to_attendees_variable":{"runAfter":{},"type":"AppendToArrayVariable","inputs":{"name":"Attendees","value":"@{items('Loop_through_attendees')?['Attendee/Email']};"}}},"runAfter":{"Get_attendees_for_event":["Succeeded"]},"type":"Foreach"},"Initialize_AttendeesString_variable":{"runAfter":{"Initialize_Attendees_variable":["Succeeded"]},"type":"InitializeVariable","inputs":{"variables":[{"name":"AttendeesString","type":"string"}]}},"Loop_through_attendees_array":{"foreach":"@variables('Attendees')","actions":{"Create_semicolon_string_for_current_attendee":{"runAfter":{},"type":"Compose","inputs":"@concat(items('Loop_through_attendees_array'),';')"},"Add_string_to_attendees_string_variable":{"runAfter":{"Create_semicolon_string_for_current_attendee":["Succeeded"]},"type":"Compose","inputs":"@{outputs('Create_semicolon_string_for_current_attendee')}@{variables('AttendeesString')}"},"Set_attendees_variable":{"runAfter":{"Add_string_to_attendees_string_variable":["Succeeded"]},"type":"SetVariable","inputs":{"name":"AttendeesString","value":"@outputs('Add_string_to_attendees_string_variable')"}}},"runAfter":{"Loop_through_attendees":["Succeeded"]},"type":"Foreach"},"Send_email_to_attendees":{"runAfter":{"Loop_through_attendees_array":["Succeeded"]},"type":"OpenApiConnection","inputs":{"host":{"apiId":"/providers/Microsoft.PowerApps/apis/shared_office365","connectionName":"shared_office365","operationId":"SendEmailV2"},"parameters":{"emailMessage/To":"@variables('AttendeesString')","emailMessage/Subject":"@outputs('Get_event')?['body/EventName']","emailMessage/Body":"<p>@{triggerBody()['Sendemailtoattendees_Body']}</p>"},"authentication":{"value":"@json(decodeBase64(triggerOutputs().headers['X-MS-APIM-Tokens']))['$ConnectionKey']","type":"Raw"}}},"Get_event":{"runAfter":{"Initialize_EventId_variable":["Succeeded"]},"type":"OpenApiConnection","inputs":{"host":{"apiId":"/providers/Microsoft.PowerApps/apis/shared_sharepointonline","connectionName":"shared_sharepointonline_1","operationId":"GetItem"},"parameters":{"dataset":"@variables('EventsSiteURL')","table":"Events","id":"@variables('EventId')"},"authentication":{"value":"@json(decodeBase64(triggerOutputs().headers['X-MS-APIM-Tokens']))['$ConnectionKey']","type":"Raw"}}},"Initialize_EventId_variable":{"runAfter":{"Initialize_AttendeesString_variable":["Succeeded"]},"type":"InitializeVariable","inputs":{"variables":[{"name":"EventId","type":"integer","value":"@triggerBody()['InitializeEventIdvariable_Value']"}]}},"Events_Site_URL":{"runAfter":{},"type":"InitializeVariable","inputs":{"variables":[{"name":"EventsSiteURL","type":"string","value":"https://m365x765471.sharepoint.com/sites/events"}]}}},"outputs":{},"description":"Used by the Event Registration Power App to send an email to attendees of an event.,"},"connectionReferences":{"shared_sharepointonline_1":{"connectionName":"c20c4821413941248534141f4c63b6f2","source":"Invoker","id":"/providers/Microsoft.PowerApps/apis/shared_sharepointonline","tier":"NotSpecified"},"shared_office365":{"connectionName":"a0dbd69849bf4c768bf434e8d85673f2","source":"Invoker","id":"/providers/Microsoft.PowerApps/apis/shared_office365","tier":"NotSpecified"}},"flowFailureAlertSubscribed":false}}