<customapirequestparameter uniquename="CloseOpportunity_action">
  <description default="CloseOpportunity_action">
    <label description="CloseOpportunity_action" languagecode="1033" />
  </description>
  <displayname default="CloseOpportunity_action">
    <label description="CloseOpportunity_action" languagecode="1033" />
  </displayname>
  <iscustomizable>1</iscustomizable>
  <isoptional>0</isoptional>
  <name>CloseOpportunity_action</name>
  <type>10</type>
</customapirequestparameter>