<bot schemaname="cr478_healthApp">
  <authenticationmode>1</authenticationmode>
  <authenticationtrigger>0</authenticationtrigger>
  <iscustomizable>0</iscustomizable>
  <language>1033</language>
  <name>LTIM Medical Center</name>
  <runtimeprovider>0</runtimeprovider>
  <synchronizationstatus>{
  "contentVersion": 2,
  "lastFinishedPublishOperation": {
    "userId": "6189afcf-67a9-4451-b90d-1c42549ced13",
    "operationStart": "2023-09-28T11:02:37.9715547Z",
    "operationEnd": "2023-09-28T11:02:43.199022Z",
    "status": "Succeeded"
  },
  "lastPublishedUserId": "6189afcf-67a9-4451-b90d-1c42549ced13",
  "lastPublishedOnUtc": "2023-09-28T11:02:42Z",
  "currentSynchronizationState": {
    "botRegistration": {
      "applicationId": "71114435-0544-42a3-b1f0-d35c2edd65e4",
      "isAppAvailableInTenant": true
    },
    "provisioningStatus": "Provisioned",
    "state": "Synchronized"
  },
  "lastSynchronizedOnUtc": "2023-09-28T11:02:53.5392847Z"
}</synchronizationstatus>
  <template>default-2.0.1</template>
  <timezoneruleversionnumber>0</timezoneruleversionnumber>
</bot>