{"schemaVersion":"1.0","appDefinitionTemplate":{"id":"/providers/Microsoft.PowerApps/apps/","type":"Microsoft.PowerApps/apps","tags":{"primaryDeviceWidth":"1366","primaryDeviceHeight":"768","sienaVersion":"20220305T165153Z-3.22022.31.0","deviceCapabilities":"","supportsPortrait":"true","supportsLandscape":"true","primaryFormFactor":"Tablet","publisherVersion":"3.22022.31","minimumRequiredApiVersion":"2.2.0","hasComponent":"false","hasUnlockedComponent":"false","isUnifiedRootApp":"false"},"properties":{"appVersion":"2022-03-05T16:51:53Z","lifeCycleId":"Published","createdByClientVersion":{"major":3,"minor":22022,"build":31,"revision":0,"majorRevision":0,"minorRevision":0},"minClientVersion":{"major":3,"minor":22022,"build":31,"revision":0,"majorRevision":0,"minorRevision":0},"backgroundColor":"RGBA(0,176,240,1)","backgroundImageUri":"/11922201417690289690/Ne90c870a-d1ce-437a-aaea-f627203e20fb-logoSmallFile","displayName":"US Map with SVG Images","description":"","commitMessage":"","appUris":{"documentUri":{"value":"/11922201417690289690/N19add5c5-ec6f-438a-9f4d-060490fedbcc-document.msapp"},"imageUris":[]},"createdTime":"0001-01-01T00:00:00Z","lastModifiedTime":"0001-01-01T00:00:00Z","sharedGroupsCount":0,"sharedUsersCount":0,"icons":{"smallIconUri":"/11922201417690289690/N221d0c5a-03d2-46da-8b9a-95b2af8f82b1-small.png","mediumIconUri":"/11922201417690289690/N09bd4649-3142-4ec2-9edc-7df942925206-medium.png","largeIconUri":"/11922201417690289690/N7d502e6d-e070-413c-aea2-239421f45484-large.png","wideIconUri":"/11922201417690289690/N1af4a7ab-2db7-414d-bf73-477deffd0c17-wide.png"},"connectionReferences":{},"databaseReferences":{},"almMode":"Environment","performanceOptimizationEnabled":true,"canConsumeAppPass":true,"executionRestrictions":{"isTeamsOnly":false,"dataLossPreventionEvaluationResult":{"status":"Compliant","lastEvaluationDate":"2022-02-23T21:33:47.423706Z","violations":[],"violationsByPolicy":[],"violationErrorMessage":"The app uses the following connectors: ."}}},"appType":"ClassicCanvasApp","appComponents":[]}}