{"schemaVersion":"1.0","appDefinitionTemplate":{"id":"/providers/Microsoft.PowerApps/apps/","type":"Microsoft.PowerApps/apps","tags":{"primaryDeviceWidth":"1366","primaryDeviceHeight":"100","sienaVersion":"20210515T140458Z-3.21051.17.0","deviceCapabilities":"","supportsPortrait":"false","supportsLandscape":"true","primaryFormFactor":"Tablet","publisherVersion":"3.21051.17","minimumRequiredApiVersion":"2.2.0","hasComponent":"true","hasUnlockedComponent":"true","isUnifiedRootApp":"false"},"properties":{"appVersion":"2021-05-15T14:04:58Z","lifeCycleId":"Published","createdByClientVersion":{"major":3,"minor":21051,"build":17,"revision":0,"majorRevision":0,"minorRevision":0},"minClientVersion":{"major":3,"minor":21051,"build":17,"revision":0,"majorRevision":0,"minorRevision":0},"backgroundColor":"rgba(129, 42, 141, 1)","backgroundImageUri":"/17095642363502456728/Nf7515ec5-f32b-46e8-b072-0db53e8ce046-logoSmallFile","displayName":"Covid-19 Vaccination Survey","description":"Covid19 Vaccination Survey","commitMessage":"","appUris":{"documentUri":{"value":"/17095642363502456728/N037c6c42-06a9-4b95-87fc-192b464e9c27-document.msapp"},"imageUris":[]},"createdTime":"0001-01-01T00:00:00Z","lastModifiedTime":"0001-01-01T00:00:00Z","sharedGroupsCount":0,"sharedUsersCount":0,"icons":{"smallIconUri":"/17095642363502456728/Na9397d90-0f03-4116-948d-962a4e42bc81-small.png","mediumIconUri":"/17095642363502456728/N99bc9261-4d19-4da8-a384-05531d167fbf-medium.png","largeIconUri":"/17095642363502456728/N4d099320-843f-4e1f-afa0-c34e3370d90c-large.png","wideIconUri":"/17095642363502456728/N9c42462a-f3df-4bbd-a30b-b44a2e5445e4-wide.png"},"connectionReferences":{"32b27f8e-5da9-492f-89a1-3551c6e8bdca":{"id":"cbcd2710-4cf8-44f5-9f6d-f4cb72505a47","displayName":"SharePoint","iconUri":"https://connectoricons-prod.azureedge.net/releases/v1.0.1465/1.0.1465.2409/sharepointonline/icon.png","dataSources":["Covid19Survey","Covid19SurveyConfiguration"],"dependencies":[],"dependents":[],"parameterHints":{},"isOnPremiseConnection":false,"bypassConsent":false,"dataSets":{"https://mypersorg.sharepoint.com/sites/COVID-19VaccineSurvey":{"dataSources":{"Covid19Survey":{"tableName":"7575d9bf-4630-4730-b347-be0232acc817"},"Covid19SurveyConfiguration":{"tableName":"335892de-ca22-4c4b-9ce0-7488df3970b9"}}}},"apiTier":"Standard","isCustomApiConnection":false},"d1d9cfda-8b7f-4a40-afbd-34ef4ce2143a":{"id":"be22fc76-99a1-4a99-b181-9e4526b8e327","displayName":"Office 365 Users","iconUri":"https://connectoricons-prod.azureedge.net/releases/v1.0.1460/1.0.1460.2389/office365users/icon.png","dataSources":["Office365Users"],"dependencies":[],"dependents":[],"parameterHints":{},"isOnPremiseConnection":false,"bypassConsent":false,"dataSets":{},"apiTier":"Standard","isCustomApiConnection":false,"actions":["MyProfile"]}},"databaseReferences":{},"almMode":"Environment","performanceOptimizationEnabled":true,"canConsumeAppPass":true,"executionRestrictions":{"isTeamsOnly":false,"dataLossPreventionEvaluationResult":{"status":"Compliant","lastEvaluationDate":"2021-05-12T13:29:10.204843Z","violations":[],"violationsByPolicy":[],"violationErrorMessage":"The app uses the following connectors: shared_sharepointonline."}}},"isAppComponentLibrary":false,"appType":"ClassicCanvasApp","appComponents":[]}}