{"schemaVersion":"1.0","appDefinitionTemplate":{"id":"/providers/Microsoft.PowerApps/apps/","type":"Microsoft.PowerApps/apps","tags":{"primaryDeviceWidth":"1491","primaryDeviceHeight":"1055","sienaVersion":"20220209T124446Z-3.22014.14.0","deviceCapabilities":"","supportsPortrait":"false","supportsLandscape":"true","primaryFormFactor":"Tablet","publisherVersion":"3.22014.14","minimumRequiredApiVersion":"2.2.0","hasComponent":"true","hasUnlockedComponent":"true","isUnifiedRootApp":"false"},"properties":{"appVersion":"2022-02-09T12:44:46Z","lifeCycleId":"Published","createdByClientVersion":{"major":3,"minor":22014,"build":14,"revision":0,"majorRevision":0,"minorRevision":0},"minClientVersion":{"major":3,"minor":22014,"build":14,"revision":0,"majorRevision":0,"minorRevision":0},"backgroundColor":"rgba(1, 131, 134, 1)","backgroundImageUri":"/1487379417808329917/N356bda23-f01d-4e52-bd92-9817482140bf-logoSmallFile","displayName":"Event Registration","description":"Event Registration app POC for embedding in a SharePoint page.","commitMessage":"","appUris":{"documentUri":{"value":"/1487379417808329917/N5e5b6474-4e63-49df-a258-51012f3b3739-document.msapp"},"imageUris":[]},"createdTime":"0001-01-01T00:00:00Z","lastModifiedTime":"0001-01-01T00:00:00Z","sharedGroupsCount":0,"sharedUsersCount":0,"icons":{"smallIconUri":"/1487379417808329917/N58a64ada-0ab1-4791-947d-6dc595b8dde9-small.png","mediumIconUri":"/1487379417808329917/Nc86dfdc1-b08b-4568-9f16-1cfcb32cdc17-medium.png","largeIconUri":"/1487379417808329917/N9633be5a-1ebd-44e0-b1cf-7816105cac73-large.png","wideIconUri":"/1487379417808329917/N547849a4-343c-4410-b116-31e31ead20ed-wide.png"},"connectionReferences":{"717c043e-1fba-4fed-88f1-3d167150a4b0":{"id":"68498893-6daa-4587-a701-240ca27eff9d","displayName":"Office 365 Users","iconUri":"https://connectoricons-prod.azureedge.net/releases/v1.0.1528/1.0.1528.2589/office365users/icon.png","dataSources":["Office365Users"],"dependencies":[],"dependents":[],"parameterHints":{},"parameterHintsV2":{},"isOnPremiseConnection":false,"bypassConsent":false,"dataSets":{},"apiTier":"Standard","isCustomApiConnection":false,"actions":["MyProfile","MyProfileV2"]},"2db09170-bf41-4881-ac70-3595f4b80b6a":{"id":"0b164192-7516-4273-9107-778720d9f982","displayName":"Logic flows","iconUri":"https://connectoricons-prod.azureedge.net/releases/v1.0.1534/1.0.1534.2605/logicflows/icon.png","dataSources":["Uploadeventimage"],"dependencies":["95090abf-e6ee-4bf7-b647-ce3c6cb0df28"],"dependents":[],"parameterHints":{"workflowName":{"value":"2d87e393-32bf-4a75-972f-76bc142af7a2"},"workflowEntityId":{},"95090abf-e6ee-4bf7-b647-ce3c6cb0df28":{"value":"shared_sharepointonline"}},"parameterHintsV2":{"shared_sharepointonline":{"value":"95090abf-e6ee-4bf7-b647-ce3c6cb0df28"}},"isOnPremiseConnection":false,"bypassConsent":false,"dataSets":{},"apiTier":"Standard","isCustomApiConnection":false,"actions":["Run"]},"95090abf-e6ee-4bf7-b647-ce3c6cb0df28":{"id":"dd66a3d1-fb7e-431b-838c-39bfa529bd8f","displayName":"SharePoint","iconUri":"https://connectoricons-prod.azureedge.net/releases/v1.0.1549/1.0.1549.2680/sharepointonline/icon.png","dataSources":[],"dependencies":[],"dependents":["2db09170-bf41-4881-ac70-3595f4b80b6a","cbd4bd6b-5274-469a-9e59-eded31141a62"],"parameterHints":{},"parameterHintsV2":{},"isOnPremiseConnection":false,"bypassConsent":false,"dataSets":{},"apiTier":"Standard","isCustomApiConnection":false,"actions":["providers/PowerPlatform.Governance/Operations/Read","providers/PowerPlatform.Governance/Operations/Write","providers/PowerPlatform.Governance/Operations/Delete"]},"bfb00627-afcc-4cf5-9508-aaaed53ec52a":{"id":"186fca12-832d-4052-adec-86b1930ed6a8","displayName":"Office 365 Groups","iconUri":"https://connectoricons-prod.azureedge.net/releases/v1.0.1538/1.0.1538.2619/office365groups/icon.png","dataSources":["Office365Groups"],"dependencies":[],"dependents":[],"parameterHints":{},"parameterHintsV2":{},"isOnPremiseConnection":false,"bypassConsent":false,"dataSets":{},"apiTier":"Standard","isCustomApiConnection":false,"actions":["ListGroupMembers"]},"cbd4bd6b-5274-469a-9e59-eded31141a62":{"id":"0b164192-7516-4273-9107-778720d9f982","displayName":"Logic flows","iconUri":"https://connectoricons-prod.azureedge.net/releases/v1.0.1534/1.0.1534.2605/logicflows/icon.png","dataSources":["EventRegistration"],"dependencies":["95090abf-e6ee-4bf7-b647-ce3c6cb0df28","7054860e-baed-4d3d-afed-0bd5f9793116","7054860e-baed-4d3d-afed-0bd5f9793116"],"dependents":[],"parameterHints":{"workflowName":{"value":"b5ae78b2-877d-4ae8-9d67-08adfe2f61aa"},"workflowEntityId":{},"95090abf-e6ee-4bf7-b647-ce3c6cb0df28":{"value":"shared_sharepointonline"},"7054860e-baed-4d3d-afed-0bd5f9793116":{"value":"shared_office365_1"}},"parameterHintsV2":{"workflowName":{"value":"b5ae78b2-877d-4ae8-9d67-08adfe2f61aa"},"workflowEntityId":{},"shared_sharepointonline":{"value":"95090abf-e6ee-4bf7-b647-ce3c6cb0df28"},"shared_office365":{"value":"7054860e-baed-4d3d-afed-0bd5f9793116"},"shared_office365_1":{"value":"7054860e-baed-4d3d-afed-0bd5f9793116"}},"isOnPremiseConnection":false,"bypassConsent":false,"dataSets":{},"apiTier":"Standard","isCustomApiConnection":false,"actions":["Run"]},"7054860e-baed-4d3d-afed-0bd5f9793116":{"id":"1d779051-2da9-4368-9368-fd38d50312b0","displayName":"Office 365 Outlook","iconUri":"https://connectoricons-prod.azureedge.net/releases/v1.0.1538/1.0.1538.2621/office365/icon.png","dataSources":[],"dependencies":[],"dependents":["cbd4bd6b-5274-469a-9e59-eded31141a62","0c442469-39c4-4d5f-b6fa-5c9bde284b73"],"parameterHints":{},"parameterHintsV2":{},"isOnPremiseConnection":false,"bypassConsent":false,"dataSets":{},"apiTier":"Standard","isCustomApiConnection":false},"96601c04-79a1-4120-b1f7-83a68b2ac42b":{"id":"dd66a3d1-fb7e-431b-838c-39bfa529bd8f","displayName":"SharePoint","iconUri":"https://connectoricons-prod.azureedge.net/releases/v1.0.1549/1.0.1549.2680/sharepointonline/icon.png","dataSources":["Event Attendees","Events"],"dependencies":[],"dependents":["0c442469-39c4-4d5f-b6fa-5c9bde284b73"],"parameterHints":{},"parameterHintsV2":{},"isOnPremiseConnection":false,"bypassConsent":false,"dataSets":{"https://m365x765471.sharepoint.com/sites/Events":{"dataSources":{"Event Attendees":{"tableName":"bb163f9e-1e6c-4baf-a921-f0394549ae21"},"Events":{"tableName":"c481fbd3-92d6-4fb0-ab45-633d92689842"}}}},"apiTier":"Standard","isCustomApiConnection":false,"actions":["providers/PowerPlatform.Governance/Operations/Read","providers/PowerPlatform.Governance/Operations/Write","providers/PowerPlatform.Governance/Operations/Delete"]},"0c442469-39c4-4d5f-b6fa-5c9bde284b73":{"id":"0b164192-7516-4273-9107-778720d9f982","displayName":"Logic flows","iconUri":"https://connectoricons-prod.azureedge.net/releases/v1.0.1534/1.0.1534.2605/logicflows/icon.png","dataSources":["EmailEventAttendees"],"dependencies":["96601c04-79a1-4120-b1f7-83a68b2ac42b","7054860e-baed-4d3d-afed-0bd5f9793116"],"dependents":[],"parameterHints":{"workflowName":{"value":"8c20bd9f-e44f-41a7-a381-bb6ee714d594"},"workflowEntityId":{},"96601c04-79a1-4120-b1f7-83a68b2ac42b":{"value":"shared_sharepointonline_1"},"7054860e-baed-4d3d-afed-0bd5f9793116":{"value":"shared_office365"}},"parameterHintsV2":{"workflowName":{"value":"8c20bd9f-e44f-41a7-a381-bb6ee714d594"},"workflowEntityId":{},"shared_sharepointonline_1":{"value":"96601c04-79a1-4120-b1f7-83a68b2ac42b"},"shared_office365":{"value":"7054860e-baed-4d3d-afed-0bd5f9793116"}},"isOnPremiseConnection":false,"bypassConsent":false,"dataSets":{},"apiTier":"Standard","isCustomApiConnection":false,"actions":["Run"]}},"databaseReferences":{},"almMode":"Environment","performanceOptimizationEnabled":true,"canConsumeAppPass":true,"executionRestrictions":{"isTeamsOnly":false,"dataLossPreventionEvaluationResult":{"status":"Compliant","lastEvaluationDate":"2021-02-22T21:54:14.1652445Z","violationDetails":[]}}},"appType":"ClassicCanvasApp","appComponents":[]}}