{
  "properties": {
    "connectionReferences": {
      "shared_commondataserviceforapps": {
        "runtimeSource": "embedded",
        "connection": {
          "connectionReferenceLogicalName": "new_sharedcommondataserviceforapps_5629d"
        },
        "api": {
          "name": "shared_commondataserviceforapps"
        }
      },
      "shared_teams_1": {
        "runtimeSource": "embedded",
        "connection": {
          "connectionReferenceLogicalName": "new_sharedteams_aa1b8"
        },
        "api": {
          "name": "shared_teams"
        }
      },
      "shared_office365": {
        "runtimeSource": "embedded",
        "connection": {
          "connectionReferenceLogicalName": "new_sharedoffice365_d71bb"
        },
        "api": {
          "name": "shared_office365"
        }
      }
    },
    "definition": {
      "$schema": "https://schema.management.azure.com/providers/Microsoft.Logic/schemas/2016-06-01/workflowdefinition.json#",
      "contentVersion": "1.0.0.0",
      "parameters": {
        "$connections": {
          "defaultValue": {},
          "type": "Object"
        },
        "$authentication": {
          "defaultValue": {},
          "type": "SecureObject"
        }
      },
      "triggers": {
        "manual": {
          "metadata": {
            "operationMetadataId": "d8c7487e-efcc-48cd-bada-ea89c4dd07ae"
          },
          "type": "Request",
          "kind": "VirtualAgent",
          "inputs": {
            "schema": {
              "type": "object",
              "properties": {
                "text": {
                  "title": "Native",
                  "type": "string",
                  "x-ms-dynamically-added": true,
                  "description": "Native",
                  "x-ms-content-hint": "TEXT"
                },
                "text_1": {
                  "title": "PatientName",
                  "type": "string",
                  "x-ms-dynamically-added": true,
                  "description": "PatientName",
                  "x-ms-content-hint": "TEXT"
                },
                "text_2": {
                  "title": "PatientAge",
                  "type": "string",
                  "x-ms-dynamically-added": true,
                  "description": "PatientAge",
                  "x-ms-content-hint": "TEXT"
                },
                "text_3": {
                  "title": "PatientSymptoms",
                  "type": "string",
                  "x-ms-dynamically-added": true,
                  "description": "PatientSymptoms",
                  "x-ms-content-hint": "TEXT"
                },
                "text_4": {
                  "title": "PatientTime",
                  "type": "string",
                  "x-ms-dynamically-added": true,
                  "description": "PatientTime",
                  "x-ms-content-hint": "TEXT"
                },
                "text_5": {
                  "title": "PatientMedicine",
                  "type": "string",
                  "x-ms-dynamically-added": true,
                  "description": "PatientMedicine",
                  "x-ms-content-hint": "TEXT"
                },
                "text_6": {
                  "title": "PatientVirtual",
                  "type": "string",
                  "x-ms-dynamically-added": true,
                  "description": "PatientVirtual",
                  "x-ms-content-hint": "TEXT"
                },
                "text_7": {
                  "title": "PatientDisease",
                  "type": "string",
                  "x-ms-dynamically-added": true,
                  "description": "PatientDisease",
                  "x-ms-content-hint": "TEXT"
                },
                "text_8": {
                  "title": "DoctorName",
                  "type": "string",
                  "x-ms-dynamically-added": true,
                  "description": "DoctorName",
                  "x-ms-content-hint": "TEXT"
                }
              },
              "required": [
                "text",
                "text_1",
                "text_2",
                "text_3",
                "text_4",
                "text_5",
                "text_6",
                "text_7",
                "text_8"
              ]
            }
          }
        }
      },
      "actions": {
        "Return_value(s)_to_Power_Virtual_Agents": {
          "runAfter": {
            "CallFlowToSendPrescription": [
              "Succeeded"
            ]
          },
          "metadata": {
            "operationMetadataId": "ac9f908e-7b72-439b-a6fc-ea5abdd73d64"
          },
          "type": "Response",
          "kind": "VirtualAgent",
          "inputs": {
            "statusCode": 200,
            "body": {
              "check": "@variables('respond')"
            },
            "schema": {
              "type": "object",
              "properties": {
                "check": {
                  "title": "check",
                  "x-ms-dynamically-added": true,
                  "type": "string"
                }
              }
            }
          }
        },
        "DoctorName": {
          "runAfter": {},
          "metadata": {
            "operationMetadataId": "a9115e21-ccdc-4f06-ba15-c1db1196a1fd",
            "flowSystemMetadata": {
              "portalOperationId": "aibuilderpredict_texttranslationpretrained",
              "portalOperationGroup": "aibuilder",
              "portalOperationApiDisplayNameOverride": "AI Builder",
              "portalOperationIconOverride": "https://content.powerapps.com/resource/makerx/static/pauto/images/designeroperations/aiBuilderNew.51dbdb6b.png",
              "portalOperationBrandColorOverride": "#0A76C4",
              "portalOperationApiTierOverride": "Standard"
            }
          },
          "type": "OpenApiConnection",
          "inputs": {
            "host": {
              "connectionName": "shared_commondataserviceforapps",
              "operationId": "aibuilderpredict_texttranslationpretrained",
              "apiId": "/providers/Microsoft.PowerApps/apis/shared_commondataserviceforapps"
            },
            "parameters": {
              "item/requestv2/text": "@triggerBody()['text_8']",
              "item/requestv2/targetLanguage": "en",
              "item/requestv2/sourceLanguage": "@triggerBody()['text']"
            },
            "authentication": "@parameters('$authentication')"
          }
        },
        "PatientName": {
          "runAfter": {
            "DoctorName": [
              "Succeeded"
            ]
          },
          "metadata": {
            "operationMetadataId": "7590cbe6-5ff2-45aa-a51d-2a99fee98768",
            "flowSystemMetadata": {
              "portalOperationId": "aibuilderpredict_texttranslationpretrained",
              "portalOperationGroup": "aibuilder",
              "portalOperationApiDisplayNameOverride": "AI Builder",
              "portalOperationIconOverride": "https://content.powerapps.com/resource/makerx/static/pauto/images/designeroperations/aiBuilderNew.51dbdb6b.png",
              "portalOperationBrandColorOverride": "#0A76C4",
              "portalOperationApiTierOverride": "Standard"
            }
          },
          "type": "OpenApiConnection",
          "inputs": {
            "host": {
              "connectionName": "shared_commondataserviceforapps",
              "operationId": "aibuilderpredict_texttranslationpretrained",
              "apiId": "/providers/Microsoft.PowerApps/apis/shared_commondataserviceforapps"
            },
            "parameters": {
              "item/requestv2/text": "@triggerBody()['text_1']",
              "item/requestv2/targetLanguage": "en",
              "item/requestv2/sourceLanguage": "@triggerBody()['text']"
            },
            "authentication": "@parameters('$authentication')"
          }
        },
        "PatientProblemDuration": {
          "runAfter": {
            "PatientName": [
              "Succeeded"
            ]
          },
          "metadata": {
            "operationMetadataId": "e194d4f0-dbde-4cac-b3d0-87317cc5a07e",
            "flowSystemMetadata": {
              "portalOperationId": "aibuilderpredict_texttranslationpretrained",
              "portalOperationGroup": "aibuilder",
              "portalOperationApiDisplayNameOverride": "AI Builder",
              "portalOperationIconOverride": "https://content.powerapps.com/resource/makerx/static/pauto/images/designeroperations/aiBuilderNew.51dbdb6b.png",
              "portalOperationBrandColorOverride": "#0A76C4",
              "portalOperationApiTierOverride": "Standard"
            }
          },
          "type": "OpenApiConnection",
          "inputs": {
            "host": {
              "connectionName": "shared_commondataserviceforapps",
              "operationId": "aibuilderpredict_texttranslationpretrained",
              "apiId": "/providers/Microsoft.PowerApps/apis/shared_commondataserviceforapps"
            },
            "parameters": {
              "item/requestv2/text": "@triggerBody()['text_3']",
              "item/requestv2/targetLanguage": "en",
              "item/requestv2/sourceLanguage": "@triggerBody()['text']"
            },
            "authentication": "@parameters('$authentication')"
          }
        },
        "PatientOldMedicine": {
          "runAfter": {
            "PatientProblemDuration": [
              "Succeeded"
            ]
          },
          "metadata": {
            "operationMetadataId": "24178819-e1dd-4bca-81fd-bce332d7e78c",
            "flowSystemMetadata": {
              "portalOperationId": "aibuilderpredict_texttranslationpretrained",
              "portalOperationGroup": "aibuilder",
              "portalOperationApiDisplayNameOverride": "AI Builder",
              "portalOperationIconOverride": "https://content.powerapps.com/resource/makerx/static/pauto/images/designeroperations/aiBuilderNew.51dbdb6b.png",
              "portalOperationBrandColorOverride": "#0A76C4",
              "portalOperationApiTierOverride": "Standard"
            }
          },
          "type": "OpenApiConnection",
          "inputs": {
            "host": {
              "connectionName": "shared_commondataserviceforapps",
              "operationId": "aibuilderpredict_texttranslationpretrained",
              "apiId": "/providers/Microsoft.PowerApps/apis/shared_commondataserviceforapps"
            },
            "parameters": {
              "item/requestv2/text": "@triggerBody()['text_4']",
              "item/requestv2/targetLanguage": "en",
              "item/requestv2/sourceLanguage": "@triggerBody()['text']"
            },
            "authentication": "@parameters('$authentication')"
          }
        },
        "GetDoctor": {
          "runAfter": {
            "respondVariable": [
              "Succeeded"
            ]
          },
          "metadata": {
            "operationMetadataId": "68681448-97d7-4a53-9a5a-41a5d85dae32"
          },
          "type": "OpenApiConnection",
          "inputs": {
            "host": {
              "connectionName": "shared_commondataserviceforapps",
              "operationId": "ListRecords",
              "apiId": "/providers/Microsoft.PowerApps/apis/shared_commondataserviceforapps"
            },
            "parameters": {
              "entityName": "cr478_doctors",
              "$select": "cr478_availabletimefrom",
              "$filter": "contains(cr478_name,'@{outputs('DoctorName')?['body/responsev2/predictionOutput/text']}') and cr478_speciality eq '@{triggerBody()['text_7']}'"
            },
            "authentication": "@parameters('$authentication')"
          }
        },
        "Condition": {
          "actions": {
            "Create_a_Teams_meeting": {
              "runAfter": {},
              "metadata": {
                "operationMetadataId": "b9fe1684-0363-40a9-9b9a-a71cda1c2007"
              },
              "type": "OpenApiConnection",
              "inputs": {
                "host": {
                  "connectionName": "shared_teams_1",
                  "operationId": "CreateTeamsMeeting",
                  "apiId": "/providers/Microsoft.PowerApps/apis/shared_teams"
                },
                "parameters": {
                  "calendarid": "Calendar",
                  "item/subject": "Appointment book for @{outputs('PatientName')?['body/responsev2/predictionOutput/text']}",
                  "item/body/content": "Appointment book for the @{outputs('PatientName')?['body/responsev2/predictionOutput/text']}",
                  "item/timeZone": "India Standard Time",
                  "item/start/dateTime": "2023-09-27T12:00:00",
                  "item/end/dateTime": "2023-09-27T12:30:00",
                  "item/requiredAttendees": "ujjwal.lal@ltimindtree.com;arvind.bhat@ltimindtree.com"
                },
                "authentication": "@parameters('$authentication')"
              }
            },
            "Send_an_email_(V2)_2": {
              "runAfter": {
                "Create_a_Teams_meeting": [
                  "Succeeded"
                ]
              },
              "metadata": {
                "operationMetadataId": "a7efaf6a-052e-4710-ba2e-2ccacae3a980"
              },
              "type": "OpenApiConnection",
              "inputs": {
                "host": {
                  "connectionName": "shared_office365",
                  "operationId": "SendEmailV2",
                  "apiId": "/providers/Microsoft.PowerApps/apis/shared_office365"
                },
                "parameters": {
                  "emailMessage/To": "newtrial.2023@outlook.com",
                  "emailMessage/Subject": "Your Virtual appointment has been booked ",
                  "emailMessage/Body": "<p>Hi@{outputs('PatientName')?['body/responsev2/predictionOutput/text']} ,<br>\n<br>\nYour virtual appointment has been booked with the @{outputs('DoctorName')?['body/responsev2/predictionOutput/text']}.<br>\n <br>\nBelow is the virtual appointment meeting invite. Please make sure that you join 5 minutes early to ensure a smooth consultation.<br>\n<br>\n<br>\n@{outputs('Create_a_Teams_meeting')?['body/onlineMeeting/joinUrl']}<br>\n<br>\nThank You</p>",
                  "emailMessage/Importance": "Normal"
                },
                "authentication": "@parameters('$authentication')"
              }
            },
            "Set_variable_2": {
              "runAfter": {
                "Send_an_email_(V2)_2": [
                  "Succeeded"
                ]
              },
              "metadata": {
                "operationMetadataId": "f2c9b9c3-408e-4186-9073-9bf01e3975c8"
              },
              "type": "SetVariable",
              "inputs": {
                "name": "respond",
                "value": "@outputs('Create_a_Teams_meeting')?['body/onlineMeeting/joinUrl']"
              }
            }
          },
          "runAfter": {
            "GetDoctor": [
              "Succeeded"
            ]
          },
          "else": {
            "actions": {
              "Send_an_email_(V2)": {
                "runAfter": {},
                "metadata": {
                  "operationMetadataId": "a7efaf6a-052e-4710-ba2e-2ccacae3a980"
                },
                "type": "OpenApiConnection",
                "inputs": {
                  "host": {
                    "connectionName": "shared_office365",
                    "operationId": "SendEmailV2",
                    "apiId": "/providers/Microsoft.PowerApps/apis/shared_office365"
                  },
                  "parameters": {
                    "emailMessage/To": "newtrial.2023@outlook.com",
                    "emailMessage/Subject": "Your In Person appointment has been booked",
                    "emailMessage/Body": "<p>Hi @{outputs('DoctorName')?['body/responsev2/predictionOutput/text']},<br>\n<br>\nYour In Person Appointment has been booked by @{outputs('PatientName')?['body/responsev2/predictionOutput/text']}.<br>\nTiming: @{outputs('GetDoctor')?['body/value'][0]?['cr478_availabletimefrom']}<br>\n<br>\nBelow is the Patient case summary:<br>\n<br>\nAge: @{triggerBody()['text_2']}<br>\n<br>\nSymptoms since: @{triggerBody()['text_3']}<br>\n<br>\nPrevious medications used: @{outputs('PatientOldMedicine')?['body/responsev2/predictionOutput/text']}<br>\n<br>\nThank You</p>",
                    "emailMessage/Importance": "Normal"
                  },
                  "authentication": "@parameters('$authentication')"
                }
              }
            }
          },
          "expression": {
            "equals": [
              "@triggerBody()['text_6']",
              "Yes"
            ]
          },
          "metadata": {
            "operationMetadataId": "c627ab4a-95ac-4089-a2dd-d6e2961a64a1"
          },
          "type": "If"
        },
        "respondVariable": {
          "runAfter": {
            "PatientOldMedicine": [
              "Succeeded"
            ]
          },
          "metadata": {
            "operationMetadataId": "4345797f-3559-44a8-86e2-8d680a7f6db7"
          },
          "type": "InitializeVariable",
          "inputs": {
            "variables": [
              {
                "name": "respond",
                "type": "string"
              }
            ]
          }
        },
        "CallFlowToSendPrescription": {
          "runAfter": {
            "Condition": [
              "Succeeded"
            ]
          },
          "metadata": {
            "operationMetadataId": "5aba4008-4775-4a46-b46c-31ef8583db96"
          },
          "type": "Http",
          "inputs": {
            "method": "POST",
            "uri": "https://prod-137.westus.logic.azure.com:443/workflows/8f9680b8559341aeb19b91fc6005337f/triggers/manual/paths/invoke?api-version=2016-06-01&sp=%2Ftriggers%2Fmanual%2Frun&sv=1.0&sig=Fh5F3yBlBdhodqjt-_9Y_tuB5DUP-gFGPfEJZn5aPzA",
            "body": {
              "disease": "@{triggerBody()['text_7']}",
              "doctorname": "@{outputs('DoctorName')?['body/responsev2/predictionOutput/text']}",
              "patientname": "@{outputs('PatientName')?['body/responsev2/predictionOutput/text']}"
            }
          }
        }
      },
      "outputs": {}
    },
    "templateName": "c9cd2c4e691a4646adc8aa592c88489b"
  },
  "schemaVersion": "1.0.0.0"
}