{
  "properties": {
    "connectionReferences": {
      "shared_commondataserviceforapps": {
        "runtimeSource": "embedded",
        "connection": {
          "connectionReferenceLogicalName": "new_sharedcommondataserviceforapps_5629d"
        },
        "api": {
          "name": "shared_commondataserviceforapps"
        }
      }
    },
    "definition": {
      "$schema": "https://schema.management.azure.com/providers/Microsoft.Logic/schemas/2016-06-01/workflowdefinition.json#",
      "contentVersion": "1.0.0.0",
      "parameters": {
        "$connections": {
          "defaultValue": {},
          "type": "Object"
        },
        "$authentication": {
          "defaultValue": {},
          "type": "SecureObject"
        }
      },
      "triggers": {
        "manual": {
          "metadata": {
            "operationMetadataId": "99ed1bf1-e978-4c61-bc60-41ad21e8d892"
          },
          "type": "Request",
          "kind": "VirtualAgent",
          "inputs": {
            "schema": {
              "type": "object",
              "properties": {
                "text": {
                  "title": "Native",
                  "type": "string",
                  "x-ms-dynamically-added": true,
                  "description": "Italian",
                  "x-ms-content-hint": "TEXT"
                },
                "text_1": {
                  "title": "Statement",
                  "type": "string",
                  "x-ms-dynamically-added": true,
                  "description": "Come stai",
                  "x-ms-content-hint": "TEXT"
                }
              },
              "required": [
                "text",
                "text_1"
              ]
            }
          }
        }
      },
      "actions": {
        "Return_value(s)_to_Power_Virtual_Agents": {
          "runAfter": {
            "TranslateToEnglish": [
              "Succeeded"
            ]
          },
          "metadata": {
            "operationMetadataId": "2ecdb957-e1b7-48cc-ab57-795aeef27c5d"
          },
          "type": "Response",
          "kind": "VirtualAgent",
          "inputs": {
            "statusCode": 200,
            "body": {
              "converted_text": "@outputs('TranslateToEnglish')?['body/responsev2/predictionOutput/text']"
            },
            "schema": {
              "type": "object",
              "properties": {
                "converted_text": {
                  "title": "Converted text",
                  "x-ms-dynamically-added": true,
                  "type": "string"
                }
              }
            }
          }
        },
        "TranslateToEnglish": {
          "runAfter": {},
          "metadata": {
            "operationMetadataId": "3ff66a6d-d18c-4a5c-82a3-b464862aae09",
            "flowSystemMetadata": {
              "portalOperationId": "aibuilderpredict_texttranslationpretrained",
              "portalOperationGroup": "aibuilder",
              "portalOperationApiDisplayNameOverride": "AI Builder",
              "portalOperationIconOverride": "https://content.powerapps.com/resource/makerx/static/pauto/images/designeroperations/aiBuilderNew.51dbdb6b.png",
              "portalOperationBrandColorOverride": "#0A76C4",
              "portalOperationApiTierOverride": "Standard"
            }
          },
          "type": "OpenApiConnection",
          "inputs": {
            "host": {
              "connectionName": "shared_commondataserviceforapps",
              "operationId": "aibuilderpredict_texttranslationpretrained",
              "apiId": "/providers/Microsoft.PowerApps/apis/shared_commondataserviceforapps"
            },
            "parameters": {
              "item/requestv2/text": "@triggerBody()['text_1']",
              "item/requestv2/targetLanguage": "@triggerBody()['text']",
              "item/requestv2/sourceLanguage": "en"
            },
            "authentication": "@parameters('$authentication')"
          }
        }
      },
      "outputs": {}
    },
    "templateName": "c9cd2c4e691a4646adc8aa592c88489b"
  },
  "schemaVersion": "1.0.0.0"
}