{
  "properties": {
    "connectionReferences": {
      "shared_commondataserviceforapps": {
        "runtimeSource": "embedded",
        "connection": {
          "connectionReferenceLogicalName": "new_sharedcommondataserviceforapps_5629d"
        },
        "api": {
          "name": "shared_commondataserviceforapps"
        }
      }
    },
    "definition": {
      "$schema": "https://schema.management.azure.com/providers/Microsoft.Logic/schemas/2016-06-01/workflowdefinition.json#",
      "contentVersion": "1.0.0.0",
      "parameters": {
        "$connections": {
          "defaultValue": {},
          "type": "Object"
        },
        "$authentication": {
          "defaultValue": {},
          "type": "SecureObject"
        }
      },
      "triggers": {
        "manual": {
          "metadata": {
            "operationMetadataId": "9296fd66-287b-407f-8009-2267608d0c86"
          },
          "type": "Request",
          "kind": "VirtualAgent",
          "inputs": {
            "schema": {
              "type": "object",
              "properties": {
                "text": {
                  "title": "Disease",
                  "type": "string",
                  "x-ms-dynamically-added": true,
                  "description": "Disease",
                  "x-ms-content-hint": "TEXT"
                },
                "text_1": {
                  "title": "Native",
                  "type": "string",
                  "x-ms-dynamically-added": true,
                  "description": "Native",
                  "x-ms-content-hint": "TEXT"
                }
              },
              "required": [
                "text",
                "text_1"
              ]
            }
          }
        }
      },
      "actions": {
        "Return_value(s)_to_Power_Virtual_Agents": {
          "runAfter": {
            "GetDoctorFiveDetail": [
              "Succeeded"
            ]
          },
          "metadata": {
            "operationMetadataId": "8df19028-42c0-47cd-bb39-fde76d8b9cfa"
          },
          "type": "Response",
          "kind": "VirtualAgent",
          "inputs": {
            "statusCode": 200,
            "body": {
              "doctor1details": "@outputs('GetDoctorOneDetail')?['body/responsev2/predictionOutput/text']",
              "doctor1name": "@outputs('GetDoctorOneName')?['body/responsev2/predictionOutput/text']",
              "doctor2name": "@outputs('GetDoctorTwoName')?['body/responsev2/predictionOutput/text']",
              "doctor2details": "@outputs('GetDoctorTwoDetail')?['body/responsev2/predictionOutput/text']",
              "doctor3name": "@outputs('GetDoctorThreeName')?['body/responsev2/predictionOutput/text']",
              "doctor3details": "@outputs('GetDoctorThreeDetail')?['body/responsev2/predictionOutput/text']",
              "doctor4name": "@outputs('GetDoctorFourName')?['body/responsev2/predictionOutput/text']",
              "doctor4details": "@outputs('GetDoctorFourDetail')?['body/responsev2/predictionOutput/text']",
              "doctor5name": "@outputs('GetDoctorFiveName')?['body/responsev2/predictionOutput/text']",
              "doctor5details": "@outputs('GetDoctorFiveDetail')?['body/responsev2/predictionOutput/text']",
              "doctor1email": "@{outputs('GetDoctor')?['body/value'][0]?['cr478_email']}",
              "doctor2email": "@{outputs('GetDoctor')?['body/value'][1]?['cr478_email']}",
              "doctor3email": "@{outputs('GetDoctor')?['body/value'][2]?['cr478_email']}",
              "doctor4email": "@{outputs('GetDoctor')?['body/value'][3]?['cr478_email']}",
              "doctor5email": "@{outputs('GetDoctor')?['body/value'][4]?['cr478_email']}"
            },
            "schema": {
              "type": "object",
              "properties": {
                "doctor1details": {
                  "title": "Doctor1Details",
                  "x-ms-dynamically-added": true,
                  "type": "string"
                },
                "doctor1name": {
                  "title": "Doctor1Name",
                  "x-ms-dynamically-added": true,
                  "type": "string"
                },
                "doctor2name": {
                  "title": "Doctor2Name",
                  "x-ms-dynamically-added": true,
                  "type": "string"
                },
                "doctor2details": {
                  "title": "Doctor2Details",
                  "x-ms-dynamically-added": true,
                  "type": "string"
                },
                "doctor3name": {
                  "title": "Doctor3Name",
                  "x-ms-dynamically-added": true,
                  "type": "string"
                },
                "doctor3details": {
                  "title": "Doctor3Details",
                  "x-ms-dynamically-added": true,
                  "type": "string"
                },
                "doctor4name": {
                  "title": "Doctor4Name",
                  "x-ms-dynamically-added": true,
                  "type": "string"
                },
                "doctor4details": {
                  "title": "Doctor4Details",
                  "x-ms-dynamically-added": true,
                  "type": "string"
                },
                "doctor5name": {
                  "title": "Doctor5Name",
                  "x-ms-dynamically-added": true,
                  "type": "string"
                },
                "doctor5details": {
                  "title": "Doctor5Details",
                  "x-ms-dynamically-added": true,
                  "type": "string"
                },
                "doctor1email": {
                  "title": "Doctor1Email",
                  "x-ms-dynamically-added": true,
                  "type": "string"
                },
                "doctor2email": {
                  "title": "Doctor2Email",
                  "x-ms-dynamically-added": true,
                  "type": "string"
                },
                "doctor3email": {
                  "title": "Doctor3Email",
                  "x-ms-dynamically-added": true,
                  "type": "string"
                },
                "doctor4email": {
                  "title": "Doctor4EMail",
                  "x-ms-dynamically-added": true,
                  "type": "string"
                },
                "doctor5email": {
                  "title": "Doctor5EMail",
                  "x-ms-dynamically-added": true,
                  "type": "string"
                }
              }
            }
          }
        },
        "GetDoctor": {
          "runAfter": {
            "Initialize_variable_2": [
              "Succeeded"
            ]
          },
          "metadata": {
            "operationMetadataId": "456e12c9-580b-40c7-94d3-b55f01176a9b"
          },
          "type": "OpenApiConnection",
          "inputs": {
            "host": {
              "connectionName": "shared_commondataserviceforapps",
              "operationId": "ListRecords",
              "apiId": "/providers/Microsoft.PowerApps/apis/shared_commondataserviceforapps"
            },
            "parameters": {
              "entityName": "cr478_doctors",
              "$filter": "cr478_speciality eq '@{variables('Disease')}'",
              "$top": 5
            },
            "authentication": "@parameters('$authentication')"
          }
        },
        "Initialize_variable": {
          "runAfter": {},
          "metadata": {
            "operationMetadataId": "28e4e168-3c71-4a74-a1a9-9d61e8d5427a"
          },
          "type": "InitializeVariable",
          "inputs": {
            "variables": [
              {
                "name": "Disease",
                "type": "string",
                "value": "@triggerBody()['text']"
              }
            ]
          }
        },
        "GetDoctorOneName": {
          "runAfter": {
            "GetDoctor": [
              "Succeeded"
            ]
          },
          "metadata": {
            "operationMetadataId": "9077663f-89ee-43ee-8e7f-3abb4a53f4c2",
            "flowSystemMetadata": {
              "portalOperationId": "aibuilderpredict_texttranslationpretrained",
              "portalOperationGroup": "aibuilder",
              "portalOperationApiDisplayNameOverride": "AI Builder",
              "portalOperationIconOverride": "https://content.powerapps.com/resource/makerx/static/pauto/images/designeroperations/aiBuilderNew.51dbdb6b.png",
              "portalOperationBrandColorOverride": "#0A76C4",
              "portalOperationApiTierOverride": "Standard"
            }
          },
          "type": "OpenApiConnection",
          "inputs": {
            "host": {
              "connectionName": "shared_commondataserviceforapps",
              "operationId": "aibuilderpredict_texttranslationpretrained",
              "apiId": "/providers/Microsoft.PowerApps/apis/shared_commondataserviceforapps"
            },
            "parameters": {
              "item/requestv2/text": "@outputs('GetDoctor')?['body/value'][0]?['cr478_name']",
              "item/requestv2/targetLanguage": "@triggerBody()['text_1']",
              "item/requestv2/sourceLanguage": "en"
            },
            "authentication": "@parameters('$authentication')"
          }
        },
        "GetDoctorOneDetail": {
          "runAfter": {
            "GetDoctorOneName": [
              "Succeeded"
            ]
          },
          "metadata": {
            "operationMetadataId": "c2e09821-e9c2-4b69-b478-470de353e67d",
            "flowSystemMetadata": {
              "portalOperationId": "aibuilderpredict_texttranslationpretrained",
              "portalOperationGroup": "aibuilder",
              "portalOperationApiDisplayNameOverride": "AI Builder",
              "portalOperationIconOverride": "https://content.powerapps.com/resource/makerx/static/pauto/images/designeroperations/aiBuilderNew.51dbdb6b.png",
              "portalOperationBrandColorOverride": "#0A76C4",
              "portalOperationApiTierOverride": "Standard"
            }
          },
          "type": "OpenApiConnection",
          "inputs": {
            "host": {
              "connectionName": "shared_commondataserviceforapps",
              "operationId": "aibuilderpredict_texttranslationpretrained",
              "apiId": "/providers/Microsoft.PowerApps/apis/shared_commondataserviceforapps"
            },
            "parameters": {
              "item/requestv2/text": "Address: @{outputs('GetDoctor')?['body/value'][0]?['cr478_address']}, Availability: @{outputs('GetDoctor')?['body/value'][0]?['cr478_availabletimefrom']}-@{outputs('GetDoctor')?['body/value'][0]?['cr478_availabletimeto']}, Ratings: @{outputs('GetDoctor')?['body/value'][0]?['cr478_rating']}",
              "item/requestv2/targetLanguage": "@triggerBody()['text_1']",
              "item/requestv2/sourceLanguage": "en"
            },
            "authentication": "@parameters('$authentication')"
          }
        },
        "GetDoctorTwoName": {
          "runAfter": {
            "GetDoctorOneDetail": [
              "Succeeded"
            ]
          },
          "metadata": {
            "operationMetadataId": "605368a3-3511-4e99-ad99-11e5af6cefd8",
            "flowSystemMetadata": {
              "portalOperationId": "aibuilderpredict_texttranslationpretrained",
              "portalOperationGroup": "aibuilder",
              "portalOperationApiDisplayNameOverride": "AI Builder",
              "portalOperationIconOverride": "https://content.powerapps.com/resource/makerx/static/pauto/images/designeroperations/aiBuilderNew.51dbdb6b.png",
              "portalOperationBrandColorOverride": "#0A76C4",
              "portalOperationApiTierOverride": "Standard"
            }
          },
          "type": "OpenApiConnection",
          "inputs": {
            "host": {
              "connectionName": "shared_commondataserviceforapps",
              "operationId": "aibuilderpredict_texttranslationpretrained",
              "apiId": "/providers/Microsoft.PowerApps/apis/shared_commondataserviceforapps"
            },
            "parameters": {
              "item/requestv2/text": "@outputs('GetDoctor')?['body/value'][1]?['cr478_name']",
              "item/requestv2/targetLanguage": "@triggerBody()['text_1']",
              "item/requestv2/sourceLanguage": "en"
            },
            "authentication": "@parameters('$authentication')"
          }
        },
        "GetDoctorTwoDetail": {
          "runAfter": {
            "GetDoctorTwoName": [
              "Succeeded"
            ]
          },
          "metadata": {
            "operationMetadataId": "c2e09821-e9c2-4b69-b478-470de353e67d",
            "flowSystemMetadata": {
              "portalOperationId": "aibuilderpredict_texttranslationpretrained",
              "portalOperationGroup": "aibuilder",
              "portalOperationApiDisplayNameOverride": "AI Builder",
              "portalOperationIconOverride": "https://content.powerapps.com/resource/makerx/static/pauto/images/designeroperations/aiBuilderNew.51dbdb6b.png",
              "portalOperationBrandColorOverride": "#0A76C4",
              "portalOperationApiTierOverride": "Standard"
            }
          },
          "type": "OpenApiConnection",
          "inputs": {
            "host": {
              "connectionName": "shared_commondataserviceforapps",
              "operationId": "aibuilderpredict_texttranslationpretrained",
              "apiId": "/providers/Microsoft.PowerApps/apis/shared_commondataserviceforapps"
            },
            "parameters": {
              "item/requestv2/text": "Address: @{outputs('GetDoctor')?['body/value'][1]?['cr478_address']}, Availability: @{outputs('GetDoctor')?['body/value'][1]?['cr478_availabletimefrom']}-@{outputs('GetDoctor')?['body/value'][1]?['cr478_availabletimeto']}, Ratings: @{outputs('GetDoctor')?['body/value'][1]?['cr478_rating']}",
              "item/requestv2/targetLanguage": "@triggerBody()['text_1']",
              "item/requestv2/sourceLanguage": "en"
            },
            "authentication": "@parameters('$authentication')"
          }
        },
        "GetDoctorThreeName": {
          "runAfter": {
            "GetDoctorTwoDetail": [
              "Succeeded"
            ]
          },
          "metadata": {
            "operationMetadataId": "1cfc4708-7f8c-42d8-9979-f319cb785b71",
            "flowSystemMetadata": {
              "portalOperationId": "aibuilderpredict_texttranslationpretrained",
              "portalOperationGroup": "aibuilder",
              "portalOperationApiDisplayNameOverride": "AI Builder",
              "portalOperationIconOverride": "https://content.powerapps.com/resource/makerx/static/pauto/images/designeroperations/aiBuilderNew.51dbdb6b.png",
              "portalOperationBrandColorOverride": "#0A76C4",
              "portalOperationApiTierOverride": "Standard"
            }
          },
          "type": "OpenApiConnection",
          "inputs": {
            "host": {
              "connectionName": "shared_commondataserviceforapps",
              "operationId": "aibuilderpredict_texttranslationpretrained",
              "apiId": "/providers/Microsoft.PowerApps/apis/shared_commondataserviceforapps"
            },
            "parameters": {
              "item/requestv2/text": "@outputs('GetDoctor')?['body/value'][2]?['cr478_name']",
              "item/requestv2/targetLanguage": "@triggerBody()['text_1']",
              "item/requestv2/sourceLanguage": "en"
            },
            "authentication": "@parameters('$authentication')"
          }
        },
        "GetDoctorThreeDetail": {
          "runAfter": {
            "GetDoctorThreeName": [
              "Succeeded"
            ]
          },
          "metadata": {
            "operationMetadataId": "c2e09821-e9c2-4b69-b478-470de353e67d",
            "flowSystemMetadata": {
              "portalOperationId": "aibuilderpredict_texttranslationpretrained",
              "portalOperationGroup": "aibuilder",
              "portalOperationApiDisplayNameOverride": "AI Builder",
              "portalOperationIconOverride": "https://content.powerapps.com/resource/makerx/static/pauto/images/designeroperations/aiBuilderNew.51dbdb6b.png",
              "portalOperationBrandColorOverride": "#0A76C4",
              "portalOperationApiTierOverride": "Standard"
            }
          },
          "type": "OpenApiConnection",
          "inputs": {
            "host": {
              "connectionName": "shared_commondataserviceforapps",
              "operationId": "aibuilderpredict_texttranslationpretrained",
              "apiId": "/providers/Microsoft.PowerApps/apis/shared_commondataserviceforapps"
            },
            "parameters": {
              "item/requestv2/text": "Address: @{outputs('GetDoctor')?['body/value'][2]?['cr478_address']}, Availability: @{outputs('GetDoctor')?['body/value'][2]?['cr478_availabletimefrom']}-@{outputs('GetDoctor')?['body/value'][2]?['cr478_availabletimeto']}, Ratings: @{outputs('GetDoctor')?['body/value'][2]?['cr478_rating']}",
              "item/requestv2/targetLanguage": "@triggerBody()['text_1']",
              "item/requestv2/sourceLanguage": "en"
            },
            "authentication": "@parameters('$authentication')"
          }
        },
        "GetDoctorFourName": {
          "runAfter": {
            "GetDoctorThreeDetail": [
              "Succeeded"
            ]
          },
          "metadata": {
            "operationMetadataId": "5de8b991-d51f-451d-b5eb-111a2c350da1",
            "flowSystemMetadata": {
              "portalOperationId": "aibuilderpredict_texttranslationpretrained",
              "portalOperationGroup": "aibuilder",
              "portalOperationApiDisplayNameOverride": "AI Builder",
              "portalOperationIconOverride": "https://content.powerapps.com/resource/makerx/static/pauto/images/designeroperations/aiBuilderNew.51dbdb6b.png",
              "portalOperationBrandColorOverride": "#0A76C4",
              "portalOperationApiTierOverride": "Standard"
            }
          },
          "type": "OpenApiConnection",
          "inputs": {
            "host": {
              "connectionName": "shared_commondataserviceforapps",
              "operationId": "aibuilderpredict_texttranslationpretrained",
              "apiId": "/providers/Microsoft.PowerApps/apis/shared_commondataserviceforapps"
            },
            "parameters": {
              "item/requestv2/text": "@outputs('GetDoctor')?['body/value'][3]?['cr478_name']",
              "item/requestv2/targetLanguage": "@triggerBody()['text_1']",
              "item/requestv2/sourceLanguage": "en"
            },
            "authentication": "@parameters('$authentication')"
          }
        },
        "GetDoctorFourDetail": {
          "runAfter": {
            "GetDoctorFourName": [
              "Succeeded"
            ]
          },
          "metadata": {
            "operationMetadataId": "c2e09821-e9c2-4b69-b478-470de353e67d",
            "flowSystemMetadata": {
              "portalOperationId": "aibuilderpredict_texttranslationpretrained",
              "portalOperationGroup": "aibuilder",
              "portalOperationApiDisplayNameOverride": "AI Builder",
              "portalOperationIconOverride": "https://content.powerapps.com/resource/makerx/static/pauto/images/designeroperations/aiBuilderNew.51dbdb6b.png",
              "portalOperationBrandColorOverride": "#0A76C4",
              "portalOperationApiTierOverride": "Standard"
            }
          },
          "type": "OpenApiConnection",
          "inputs": {
            "host": {
              "connectionName": "shared_commondataserviceforapps",
              "operationId": "aibuilderpredict_texttranslationpretrained",
              "apiId": "/providers/Microsoft.PowerApps/apis/shared_commondataserviceforapps"
            },
            "parameters": {
              "item/requestv2/text": "Address: @{outputs('GetDoctor')?['body/value'][3]?['cr478_address']} , Availability: @{outputs('GetDoctor')?['body/value'][3]?['cr478_availabletimefrom']}-@{outputs('GetDoctor')?['body/value'][3]?['cr478_availabletimeto']}, Ratings: @{outputs('GetDoctor')?['body/value'][3]?['cr478_rating']}",
              "item/requestv2/targetLanguage": "@triggerBody()['text_1']",
              "item/requestv2/sourceLanguage": "en"
            },
            "authentication": "@parameters('$authentication')"
          }
        },
        "GetDoctorFiveDetail": {
          "runAfter": {
            "GetDoctorFiveName": [
              "Succeeded"
            ]
          },
          "metadata": {
            "operationMetadataId": "c2e09821-e9c2-4b69-b478-470de353e67d",
            "flowSystemMetadata": {
              "portalOperationId": "aibuilderpredict_texttranslationpretrained",
              "portalOperationGroup": "aibuilder",
              "portalOperationApiDisplayNameOverride": "AI Builder",
              "portalOperationIconOverride": "https://content.powerapps.com/resource/makerx/static/pauto/images/designeroperations/aiBuilderNew.51dbdb6b.png",
              "portalOperationBrandColorOverride": "#0A76C4",
              "portalOperationApiTierOverride": "Standard"
            }
          },
          "type": "OpenApiConnection",
          "inputs": {
            "host": {
              "connectionName": "shared_commondataserviceforapps",
              "operationId": "aibuilderpredict_texttranslationpretrained",
              "apiId": "/providers/Microsoft.PowerApps/apis/shared_commondataserviceforapps"
            },
            "parameters": {
              "item/requestv2/text": "Address: @{outputs('GetDoctor')?['body/value'][4]?['cr478_address']}, Availability: @{outputs('GetDoctor')?['body/value'][4]?['cr478_availabletimefrom']}-@{outputs('GetDoctor')?['body/value'][4]?['cr478_availabletimeto']}, Ratings: @{outputs('GetDoctor')?['body/value'][4]?['cr478_rating']}",
              "item/requestv2/targetLanguage": "@triggerBody()['text_1']",
              "item/requestv2/sourceLanguage": "en"
            },
            "authentication": "@parameters('$authentication')"
          }
        },
        "GetDoctorFiveName": {
          "runAfter": {
            "GetDoctorFourDetail": [
              "Succeeded"
            ]
          },
          "metadata": {
            "operationMetadataId": "a82274c3-1ac6-4c0f-855b-f81aad940114",
            "flowSystemMetadata": {
              "portalOperationId": "aibuilderpredict_texttranslationpretrained",
              "portalOperationGroup": "aibuilder",
              "portalOperationApiDisplayNameOverride": "AI Builder",
              "portalOperationIconOverride": "https://content.powerapps.com/resource/makerx/static/pauto/images/designeroperations/aiBuilderNew.51dbdb6b.png",
              "portalOperationBrandColorOverride": "#0A76C4",
              "portalOperationApiTierOverride": "Standard"
            }
          },
          "type": "OpenApiConnection",
          "inputs": {
            "host": {
              "connectionName": "shared_commondataserviceforapps",
              "operationId": "aibuilderpredict_texttranslationpretrained",
              "apiId": "/providers/Microsoft.PowerApps/apis/shared_commondataserviceforapps"
            },
            "parameters": {
              "item/requestv2/text": "@outputs('GetDoctor')?['body/value'][4]?['cr478_name']",
              "item/requestv2/targetLanguage": "@triggerBody()['text_1']",
              "item/requestv2/sourceLanguage": "en"
            },
            "authentication": "@parameters('$authentication')"
          }
        },
        "Initialize_variable_2": {
          "runAfter": {
            "Initialize_variable": [
              "Succeeded"
            ]
          },
          "metadata": {
            "operationMetadataId": "bf2ddca4-e9a6-469b-b57d-1d9e23463a53"
          },
          "type": "InitializeVariable",
          "inputs": {
            "variables": [
              {
                "name": "Space",
                "type": "string",
                "value": "\n"
              }
            ]
          }
        }
      },
      "outputs": {}
    },
    "templateName": "c9cd2c4e691a4646adc8aa592c88489b"
  },
  "schemaVersion": "1.0.0.0"
}