{
  "properties": {
    "connectionReferences": {
      "shared_commondataserviceforapps": {
        "runtimeSource": "embedded",
        "connection": {
          "connectionReferenceLogicalName": "new_sharedcommondataserviceforapps_5629d"
        },
        "api": {
          "name": "shared_commondataserviceforapps"
        }
      }
    },
    "definition": {
      "$schema": "https://schema.management.azure.com/providers/Microsoft.Logic/schemas/2016-06-01/workflowdefinition.json#",
      "contentVersion": "1.0.0.0",
      "parameters": {
        "$connections": {
          "defaultValue": {},
          "type": "Object"
        },
        "$authentication": {
          "defaultValue": {},
          "type": "SecureObject"
        }
      },
      "triggers": {
        "manual": {
          "metadata": {
            "operationMetadataId": "29e12fd4-b49a-40d8-b9e1-9db4b3f5ada2"
          },
          "type": "Request",
          "kind": "VirtualAgent",
          "inputs": {
            "schema": {
              "type": "object",
              "properties": {
                "text": {
                  "title": "Native language",
                  "type": "string",
                  "x-ms-dynamically-added": true,
                  "description": "Native",
                  "x-ms-content-hint": "TEXT"
                },
                "text_1": {
                  "title": "Symptoms",
                  "type": "string",
                  "x-ms-dynamically-added": true,
                  "description": "Symptoms",
                  "x-ms-content-hint": "TEXT"
                }
              },
              "required": [
                "text",
                "text_1"
              ]
            }
          }
        }
      },
      "actions": {
        "Return_value(s)_to_Power_Virtual_Agents": {
          "runAfter": {
            "Translate_text_into_native_language": [
              "Succeeded"
            ]
          },
          "metadata": {
            "operationMetadataId": "5a7ccb3e-f82b-41c9-88e2-fc70d5ee0a3a"
          },
          "type": "Response",
          "kind": "VirtualAgent",
          "inputs": {
            "statusCode": 200,
            "body": {
              "disease": "@outputs('Translate_text_into_native_language')?['body/responsev2/predictionOutput/text']"
            },
            "schema": {
              "type": "object",
              "properties": {
                "disease": {
                  "title": "Disease",
                  "x-ms-dynamically-added": true,
                  "type": "string"
                }
              }
            }
          }
        },
        "Translate_text_into_english": {
          "runAfter": {},
          "metadata": {
            "operationMetadataId": "08f24f0f-a273-426f-9467-81d393f57c6d"
          },
          "type": "OpenApiConnection",
          "inputs": {
            "host": {
              "connectionName": "shared_commondataserviceforapps",
              "operationId": "aibuilderpredict_texttranslationpretrained",
              "apiId": "/providers/Microsoft.PowerApps/apis/shared_commondataserviceforapps"
            },
            "parameters": {
              "item/requestv2/text": "@triggerBody()['text_1']",
              "item/requestv2/targetLanguage": "en",
              "item/requestv2/sourceLanguage": "@triggerBody()['text']"
            },
            "authentication": "@parameters('$authentication')"
          }
        },
        "Extract_the_key_phrases_from_text": {
          "runAfter": {
            "Translate_text_into_english": [
              "Succeeded"
            ]
          },
          "metadata": {
            "operationMetadataId": "f351c2ac-b2b2-4732-bc20-c9fac85c12b4"
          },
          "type": "OpenApiConnection",
          "inputs": {
            "host": {
              "connectionName": "shared_commondataserviceforapps",
              "operationId": "aibuilderpredict_keyphraseextraction",
              "apiId": "/providers/Microsoft.PowerApps/apis/shared_commondataserviceforapps"
            },
            "parameters": {
              "item/requestv2/language": "en",
              "item/requestv2/text": "@outputs('Translate_text_into_english')?['body/responsev2/predictionOutput/text']"
            },
            "authentication": "@parameters('$authentication')"
          }
        },
        "Apply_to_each": {
          "foreach": "@outputs('Extract_the_key_phrases_from_text')?['body/responsev2/predictionOutput/results']",
          "actions": {
            "Condition": {
              "actions": {
                "Set_variable": {
                  "runAfter": {},
                  "metadata": {
                    "operationMetadataId": "05c8ab57-58c0-46af-8ffd-f57073282a7d"
                  },
                  "type": "SetVariable",
                  "inputs": {
                    "name": "Specialist",
                    "value": "Gastroenterologist"
                  }
                }
              },
              "runAfter": {},
              "expression": {
                "or": [
                  {
                    "equals": [
                      "@items('Apply_to_each')?['phrase']",
                      "Abdominal pain"
                    ]
                  },
                  {
                    "equals": [
                      "@items('Apply_to_each')?['phrase']",
                      "Heartburn"
                    ]
                  },
                  {
                    "equals": [
                      "@items('Apply_to_each')?['phrase']",
                      "Indigestion"
                    ]
                  },
                  {
                    "equals": [
                      "@items('Apply_to_each')?['phrase']",
                      "Bloating"
                    ]
                  }
                ]
              },
              "metadata": {
                "operationMetadataId": "1dd3ffe7-6574-4533-ba88-43cb32239952"
              },
              "type": "If"
            }
          },
          "runAfter": {
            "Initialize_variable": [
              "Succeeded"
            ]
          },
          "metadata": {
            "operationMetadataId": "932b5af8-8b91-4306-bac2-28bdffafc768"
          },
          "type": "Foreach"
        },
        "Initialize_variable": {
          "runAfter": {
            "Extract_the_key_phrases_from_text": [
              "Succeeded"
            ]
          },
          "metadata": {
            "operationMetadataId": "911c7b36-9334-48b0-aeb4-3e5ba4f79539"
          },
          "type": "InitializeVariable",
          "inputs": {
            "variables": [
              {
                "name": "Specialist",
                "type": "string"
              }
            ]
          }
        },
        "Translate_text_into_native_language": {
          "runAfter": {
            "Apply_to_each": [
              "Succeeded"
            ]
          },
          "metadata": {
            "operationMetadataId": "cc8ba6ca-3516-4d02-a544-3407fe0953a5"
          },
          "type": "OpenApiConnection",
          "inputs": {
            "host": {
              "connectionName": "shared_commondataserviceforapps",
              "operationId": "aibuilderpredict_texttranslationpretrained",
              "apiId": "/providers/Microsoft.PowerApps/apis/shared_commondataserviceforapps"
            },
            "parameters": {
              "item/requestv2/text": "@variables('Specialist')",
              "item/requestv2/targetLanguage": "@triggerBody()['text']",
              "item/requestv2/sourceLanguage": "en"
            },
            "authentication": "@parameters('$authentication')"
          }
        }
      },
      "outputs": {}
    },
    "templateName": "c9cd2c4e691a4646adc8aa592c88489b"
  },
  "schemaVersion": "1.0.0.0"
}