{
  "properties": {
    "connectionReferences": {
      "shared_commondataserviceforapps": {
        "runtimeSource": "embedded",
        "connection": {
          "connectionReferenceLogicalName": "new_sharedcommondataserviceforapps_5629d"
        },
        "api": {
          "name": "shared_commondataserviceforapps"
        }
      }
    },
    "definition": {
      "$schema": "https://schema.management.azure.com/providers/Microsoft.Logic/schemas/2016-06-01/workflowdefinition.json#",
      "contentVersion": "1.0.0.0",
      "parameters": {
        "$connections": {
          "defaultValue": {},
          "type": "Object"
        },
        "$authentication": {
          "defaultValue": {},
          "type": "SecureObject"
        }
      },
      "triggers": {
        "manual": {
          "metadata": {
            "operationMetadataId": "ef787efb-5f85-42bc-bd17-2ee0faeb3bfa"
          },
          "type": "Request",
          "kind": "VirtualAgent",
          "inputs": {
            "schema": {
              "type": "object",
              "properties": {
                "text_1": {
                  "title": "In",
                  "type": "string",
                  "x-ms-dynamically-added": true,
                  "description": "In",
                  "x-ms-content-hint": "TEXT"
                }
              },
              "required": [
                "text_1"
              ]
            }
          }
        }
      },
      "actions": {
        "Return_value(s)_to_Power_Virtual_Agents": {
          "runAfter": {
            "Translate_text_into_another_language": [
              "Succeeded"
            ]
          },
          "metadata": {
            "operationMetadataId": "8afb1dde-48de-4f5b-8b7e-e6f93131bc63"
          },
          "type": "Response",
          "kind": "VirtualAgent",
          "inputs": {
            "statusCode": 200,
            "body": {
              "gender": "@outputs('Translate_text_into_another_language')?['body/responsev2/predictionOutput/text']"
            },
            "schema": {
              "type": "object",
              "properties": {
                "gender": {
                  "title": "Gender",
                  "x-ms-dynamically-added": true,
                  "type": "string"
                }
              }
            }
          }
        },
        "Translate_text_into_another_language": {
          "runAfter": {},
          "metadata": {
            "operationMetadataId": "421bff18-2c1f-40e4-899c-d3210942f491"
          },
          "type": "OpenApiConnection",
          "inputs": {
            "host": {
              "connectionName": "shared_commondataserviceforapps",
              "operationId": "aibuilderpredict_texttranslationpretrained",
              "apiId": "/providers/Microsoft.PowerApps/apis/shared_commondataserviceforapps"
            },
            "parameters": {
              "item/requestv2/text": "@triggerBody()['text_1']",
              "item/requestv2/targetLanguage": "en",
              "item/requestv2/sourceLanguage": "auto"
            },
            "authentication": "@parameters('$authentication')"
          }
        }
      },
      "outputs": {}
    },
    "templateName": "c9cd2c4e691a4646adc8aa592c88489b"
  },
  "schemaVersion": "1.0.0.0"
}