{
  "properties": {
    "connectionReferences": {
      "shared_commondataserviceforapps": {
        "runtimeSource": "embedded",
        "connection": {
          "connectionReferenceLogicalName": "new_sharedcommondataserviceforapps_5629d"
        },
        "api": {
          "name": "shared_commondataserviceforapps"
        }
      },
      "shared_office365_1": {
        "runtimeSource": "embedded",
        "connection": {
          "connectionReferenceLogicalName": "new_sharedoffice365_d71bb"
        },
        "api": {
          "name": "shared_office365"
        }
      }
    },
    "definition": {
      "$schema": "https://schema.management.azure.com/providers/Microsoft.Logic/schemas/2016-06-01/workflowdefinition.json#",
      "contentVersion": "1.0.0.0",
      "parameters": {
        "$connections": {
          "defaultValue": {},
          "type": "Object"
        },
        "$authentication": {
          "defaultValue": {},
          "type": "SecureObject"
        }
      },
      "triggers": {
        "manual": {
          "metadata": {
            "operationMetadataId": "fa40892e-06e1-4997-a7c2-1cd9039b95a2"
          },
          "type": "Request",
          "kind": "Http",
          "inputs": {
            "triggerAuthenticationType": "All"
          }
        }
      },
      "actions": {
        "RetrieveBody": {
          "runAfter": {},
          "metadata": {
            "operationMetadataId": "51e157de-d8ca-43ae-aabc-786180dd920f"
          },
          "type": "Compose",
          "inputs": "@triggerBody()"
        },
        "diseaseVariable": {
          "runAfter": {
            "RetrieveBody": [
              "Succeeded"
            ]
          },
          "metadata": {
            "operationMetadataId": "e0d102ff-6540-45a9-a3a4-595f98018888"
          },
          "type": "InitializeVariable",
          "inputs": {
            "variables": [
              {
                "name": "disease",
                "type": "string",
                "value": "@{outputs('RetrieveBody')?['disease']}"
              }
            ]
          }
        },
        "GetPrescription": {
          "runAfter": {
            "patientEmail": [
              "Succeeded"
            ]
          },
          "metadata": {
            "operationMetadataId": "5bc6d768-e813-49f1-9f7d-7bbdb34f399a"
          },
          "type": "OpenApiConnection",
          "inputs": {
            "host": {
              "connectionName": "shared_commondataserviceforapps",
              "operationId": "ListRecords",
              "apiId": "/providers/Microsoft.PowerApps/apis/shared_commondataserviceforapps"
            },
            "parameters": {
              "entityName": "cr478_prescriptions",
              "$filter": "cr478_name eq '@{variables('disease')}'",
              "$top": 5
            },
            "authentication": "@parameters('$authentication')"
          }
        },
        "Initialize_variable": {
          "runAfter": {
            "GetPrescription": [
              "Succeeded"
            ]
          },
          "metadata": {
            "operationMetadataId": "83ba4185-97f3-4680-b1d1-ea33c50f697f"
          },
          "type": "InitializeVariable",
          "inputs": {
            "variables": [
              {
                "name": "medicine name",
                "type": "string"
              }
            ]
          }
        },
        "Initialize_variable_2": {
          "runAfter": {
            "Initialize_variable": [
              "Succeeded"
            ]
          },
          "metadata": {
            "operationMetadataId": "aad1d1c0-eca4-4b0f-914f-d75e1d774209"
          },
          "type": "InitializeVariable",
          "inputs": {
            "variables": [
              {
                "name": "Medicine website",
                "type": "array"
              }
            ]
          }
        },
        "Apply_to_each": {
          "foreach": "@outputs('GetPrescription')?['body/value']",
          "actions": {
            "Download_a_file_or_an_image": {
              "runAfter": {},
              "metadata": {
                "operationMetadataId": "204758ed-001f-47bb-9f19-3963c0246165"
              },
              "type": "OpenApiConnection",
              "inputs": {
                "host": {
                  "connectionName": "shared_commondataserviceforapps",
                  "operationId": "GetEntityFileImageFieldContent",
                  "apiId": "/providers/Microsoft.PowerApps/apis/shared_commondataserviceforapps"
                },
                "parameters": {
                  "entityName": "cr478_prescriptions",
                  "recordId": "@items('Apply_to_each')?['cr478_prescriptionid']",
                  "fileImageFieldName": "cr478_document"
                },
                "authentication": "@parameters('$authentication')"
              }
            },
            "Extract_information_from_documents": {
              "runAfter": {
                "Download_a_file_or_an_image": [
                  "Succeeded"
                ]
              },
              "metadata": {
                "operationMetadataId": "e17e1876-00b3-4b65-90b3-40332e983ff9",
                "flowSystemMetadata": {
                  "portalOperationId": "aibuilderpredict_formsprocessing",
                  "portalOperationGroup": "aibuilder",
                  "portalOperationApiDisplayNameOverride": "AI Builder",
                  "portalOperationIconOverride": "https://content.powerapps.com/resource/makerx/static/pauto/images/designeroperations/aiBuilderNew.51dbdb6b.png",
                  "portalOperationBrandColorOverride": "#0A76C4",
                  "portalOperationApiTierOverride": "Standard"
                }
              },
              "type": "OpenApiConnection",
              "inputs": {
                "host": {
                  "connectionName": "shared_commondataserviceforapps",
                  "operationId": "aibuilderpredict_formsprocessing",
                  "apiId": "/providers/Microsoft.PowerApps/apis/shared_commondataserviceforapps"
                },
                "parameters": {
                  "recordId": "26e56c97-109d-42c4-af66-a79be9bee1bf",
                  "item/requestv2/mimeType": "application/pdf",
                  "item/requestv2/base64Encoded": "@body('Download_a_file_or_an_image')"
                },
                "authentication": "@parameters('$authentication')"
              }
            },
            "Apply_to_each_2": {
              "foreach": "@outputs('Extract_information_from_documents')?['body/responsev2/predictionOutput/tables/Medicinefd29d1adb68314747d359ae4e5d627b9/entries']",
              "actions": {
                "Set_variable": {
                  "runAfter": {},
                  "metadata": {
                    "operationMetadataId": "d2e512da-89c5-4254-9788-3e8c6ef4659c"
                  },
                  "type": "SetVariable",
                  "inputs": {
                    "name": "medicine name",
                    "value": "@items('Apply_to_each_2')?['Drug/value']"
                  }
                },
                "Apply_to_each_3": {
                  "foreach": "@outputs('List_rows_2')?['body/value']",
                  "actions": {
                    "Append_to_array_variable": {
                      "runAfter": {},
                      "metadata": {
                        "operationMetadataId": "8896a473-f770-4ed3-b02a-b9752a68510d"
                      },
                      "type": "AppendToArrayVariable",
                      "inputs": {
                        "name": "Medicine website",
                        "value": {
                          "Name": "@{items('Apply_to_each_3')?['cr478_name']}",
                          "Percentage Discount": "@items('Apply_to_each_3')?['cr478_percentagediscount']",
                          "Company Website Url": "@items('Apply_to_each_3')?['cr478_companywebsiteurl']"
                        }
                      }
                    }
                  },
                  "runAfter": {
                    "List_rows_2": [
                      "Succeeded"
                    ]
                  },
                  "metadata": {
                    "operationMetadataId": "9c809993-ba2b-4cc0-a293-3f7c6c5e6ac8"
                  },
                  "type": "Foreach"
                },
                "List_rows_2": {
                  "runAfter": {
                    "Set_variable": [
                      "Succeeded"
                    ]
                  },
                  "metadata": {
                    "operationMetadataId": "67ff5ab0-3af0-472e-bdb3-680896556f23"
                  },
                  "type": "OpenApiConnection",
                  "inputs": {
                    "host": {
                      "connectionName": "shared_commondataserviceforapps",
                      "operationId": "ListRecords",
                      "apiId": "/providers/Microsoft.PowerApps/apis/shared_commondataserviceforapps"
                    },
                    "parameters": {
                      "entityName": "cr478_medicines",
                      "$filter": "cr478_name eq '@{variables('medicine name')}'"
                    },
                    "authentication": "@parameters('$authentication')"
                  }
                }
              },
              "runAfter": {
                "Extract_information_from_documents": [
                  "Succeeded"
                ]
              },
              "metadata": {
                "operationMetadataId": "75214414-456a-471d-b490-9ff662341134"
              },
              "type": "Foreach"
            },
            "Send_an_email_(V2)": {
              "runAfter": {
                "Table_Styling": [
                  "Succeeded"
                ]
              },
              "metadata": {
                "operationMetadataId": "e57dfa24-984c-4bad-beea-1990bcaabb14"
              },
              "type": "OpenApiConnection",
              "inputs": {
                "host": {
                  "connectionName": "shared_office365_1",
                  "operationId": "SendEmailV2",
                  "apiId": "/providers/Microsoft.PowerApps/apis/shared_office365"
                },
                "parameters": {
                  "emailMessage/To": "@variables('patientemail')",
                  "emailMessage/Subject": "Prescription for your virtual consultation with Dr. Ujjwal",
                  "emailMessage/Body": "Hi Avani <br><br>\n\nHope you are doing good. Please find the attached prescription for your virtual consultation with  Dr. Ujjwal. <br><br>\n\nBelow table has the medicines prescribed for you. We are glad to inform you that we have a tie up with a leading pharma company, so you may consider ordering for your prescribed medicines at discounted rates. <br><br>\n\n@{outputs('Table_Styling')}@{body('Create_HTML_table')}<br><br>\n\nHave a speedy recevery. <br><br>\n\nBe Safe<br>\nCheers",
                  "emailMessage/Attachments": [
                    {
                      "Name": "Prescription.pdf",
                      "ContentBytes": "@body('Download_a_file_or_an_image')"
                    }
                  ],
                  "emailMessage/Importance": "Normal"
                },
                "authentication": "@parameters('$authentication')"
              }
            },
            "Create_HTML_table": {
              "runAfter": {
                "Apply_to_each_2": [
                  "Succeeded"
                ]
              },
              "metadata": {
                "operationMetadataId": "fca2e495-37ed-4e61-850d-8c02d3601c97"
              },
              "type": "Table",
              "inputs": {
                "from": "@variables('Medicine website')",
                "format": "HTML"
              }
            },
            "Table_Styling": {
              "runAfter": {
                "Create_HTML_table": [
                  "Succeeded"
                ]
              },
              "metadata": {
                "operationMetadataId": "21389d8d-a1d7-4578-ab40-c0e972b00b65"
              },
              "type": "Compose",
              "inputs": "<style>\ntable {\n  border: 1px solid #1C6EA4;\n  background-color: #EEEEEE;\n  width: 100%;\n  text-align: left;\n  border-collapse: collapse;\n}\ntable td, table th {\n  border: 1px solid #AAAAAA;\n  padding: 3px 2px;\n}\ntable tbody td {\n  font-size: 13px;\n}\ntable thead {\n  background: #1C6EA4;\n  border-bottom: 2px solid #444444;\n}\ntable thead th {\n  font-size: 15px;\n  font-weight: bold;\n  color: #FFFFFF;\n  border-left: 2px solid #D0E4F5;\n}\ntable thead th:first-child {\n  border-left: none;\n}\n</style>"
            }
          },
          "runAfter": {
            "Initialize_variable_2": [
              "Succeeded"
            ]
          },
          "metadata": {
            "operationMetadataId": "adf7a763-c722-4f67-be7b-e27305173a29"
          },
          "type": "Foreach"
        },
        "DoctorName": {
          "runAfter": {
            "diseaseVariable": [
              "Succeeded"
            ]
          },
          "metadata": {
            "operationMetadataId": "e0d102ff-6540-45a9-a3a4-595f98018888"
          },
          "type": "InitializeVariable",
          "inputs": {
            "variables": [
              {
                "name": "doctorName",
                "type": "string",
                "value": "@{outputs('RetrieveBody')?['doctorname']}"
              }
            ]
          }
        },
        "patientName": {
          "runAfter": {
            "DoctorName": [
              "Succeeded"
            ]
          },
          "metadata": {
            "operationMetadataId": "e0d102ff-6540-45a9-a3a4-595f98018888"
          },
          "type": "InitializeVariable",
          "inputs": {
            "variables": [
              {
                "name": "patientname",
                "type": "string",
                "value": "@{outputs('RetrieveBody')?['patientname']}"
              }
            ]
          }
        },
        "patientEmail": {
          "runAfter": {
            "patientName": [
              "Succeeded"
            ]
          },
          "metadata": {
            "operationMetadataId": "e0d102ff-6540-45a9-a3a4-595f98018888"
          },
          "type": "InitializeVariable",
          "inputs": {
            "variables": [
              {
                "name": "patientemail",
                "type": "string",
                "value": "@{outputs('RetrieveBody')?['patientemail']}"
              }
            ]
          }
        }
      }
    },
    "templateName": ""
  },
  "schemaVersion": "1.0.0.0"
}