<environmentvariabledefinition schemaname="msft_varIncidentCategoriesListConnection">
  <apiid>/providers/microsoft.powerapps/apis/shared_sharepointonline</apiid>
  <defaultvalue>7a696e02-bc44-4077-8cc1-304651927967</defaultvalue>
  <displayname default="varIncidentCategoriesListConnection">
    <label description="varIncidentCategoriesListConnection" languagecode="1033" />
  </displayname>
  <introducedversion>1.0.0.6</introducedversion>
  <iscustomizable>1</iscustomizable>
  <isrequired>0</isrequired>
  <parameterkey>table</parameterkey>
  <parentdefinitionid>
    <schemaname>msft_varIncidentsSharePointSiteURL</schemaname>
  </parentdefinitionid>
  <secretstore>0</secretstore>
  <type>100000004</type>
</environmentvariabledefinition>